Table V9.0,fnGetKeys.Key,fnGetKeys.Description,fnGetKeys.Duplicates,fnGetKeys.Activity code
AABREV,AAB0,ABREV,No,
AABREV,AAB1,MOT,No,
ABANK,ABN0,CRY+BAN,No,
ABATABT,CODABT,CODABT,No,
ABATABTD,ABD0,CODABT+CODTAC+LIG+NUM+PARAM,No,
ABATABTD2,ABD0,CODABT+CODTAC+LIG+NUM,No,
ABATCAL,ABC0,COD,No,
ABATGRP,ABG0,CODGRP,No,
ABATHOR,ABH0,COD,No,
ABATPAR,SPOOL,SPOOL,No,
ABATRQT,NUMREQ,NUMREQ,No,
ABATRQT,PRIO,DAT+HEURE+NUMREQ,No,
ABATRQT,FLAG,FLAG+NUMREQ,No,
ABATRQT,FLAG2,FLAG+DAT+HEURE+NUMREQ,No,
ABATRQT2,NUMREQ,NUMREQ,No,
ABATRQT2,PRIO,DAT+HEURE+NUMREQ,No,
ABATRQTL,NUMREQ,NUMREQ+NUM+PARAM,No,
ABATTAC,CODTAC,CODTAC,No,
ABICOND,AII0,COD,No,
ABICOND,AII1,ORD+COD,No,
ABICOND,AII2,ABM+CODABF+COD,No,
ABIDATMRT,ABM0,COD,No,
ABIDATMRT,ABM1,ABR,Yes,
ABIDATWRH,ABW0,COD,No,
ABIDIM,ABI0,CODDIM,No,
ABIDIMFLD,ABJ0,CODDIM+NUMDIM+FLDDIM,No,
ABIDIMFLD,ABJ1,CODDIM+FLDDIM,No,
ABIDIMFLD,DICO,FLDDIM,Yes,
ABIHIERA,AHH0,COD,No,
ABIHIERA,AHH1,ABM+COD,No,
ABIPRFUSR,AIU0,PRF,No,
ABIREGDES,ABY0,CODREG+NUMDES,No,
ABIREGDES,ABY1,CODREG+FLDDES,No,
ABIREGDES,ABY2,CODREG+TABDES+NUMDES,No,
ABIREGORG,ABV0,CODREG,No,
ABIREGORG,ABV1,TABORG+CODREG,No,
ABIREPORT,ABO0,COD,No,
ABIREPORT,ABO1,REPCOD+COD,No,
ABIREPORT,ABO2,DATAM+COD,Yes,
ABIREPORTD,ABQ0,COD+LIG,No,
ABIREPORTID,ABOID0,COD+DATAW+LAN,No,
ABITABAGG,ABE0,CODABF+NUMAGG+CODAGG,No,
ABITABAGG,ABE1,CODABF+CODAGG,No,
ABITABDAT,ABF0,CODABF,No,
ABITABFLD,ABZ0,CODABF+NUMFLD+CODFLD,No,
ABITABFLD,ABZ1,CODABF+CODFLD,No,
ABITABFLD,DICO,CODFLD,Yes,
ABITABIND,ABX0,CODABF+NUMIND,No,
ABITABLNK,ABK0,CODABF+NUMLNK,No,
ABITRAUNV,ATV0,ABM+RAPORT+LANTRA+TEXTE,No,
ABITRAUNV,ATV1,ABM+RAPORT+LANTRA+TYPERR+TEXTE,No,
ABLBSYS,ASB0,CAT+CODFIC,No,
ABLOB,ABB0,CODBLB+IDENT1+IDENT2+IDENT3,No,
ACALCUL,AKL0,USR+NUM,No,
ACCCOD,ACS0,CODACC,No,
ACCES,CODACC,USR+CODACC,Yes,
ACCES,PRFCOD,PRFCOD+CODACC+USR,No,
ACHANGE,ACG0,COD+LIG,No,
ACLACOL,ACLAC0,CODCLA+CODCOL,No,
ACLAFLD,ACLAF0,CODCLA+FLDCLA,No,
ACLAFLD,ACLAF1,CODCLA+NUMLIG+FLDCLA,No,
ACLAFLD,ACLAF2,CODCLA+NUMFLD+NUMLIG+FLDCLA,No,
ACLALNK,ACLAK0,CODCLA+REFLNK,No,
ACLALNK,ACLAK1,CODCLA+NUMLIG+REFLNK,No,
ACLAMAP,ACLAKP0,CODCLA+REFLNK+KEYMAP,No,
ACLAMET,ACLAM0,CODCLA+CODMET,No,
ACLAMET,ACLAM1,CODCLA+NOMET+CODMET,No,
ACLAMETSTD,ACLAT0,CODCLA+CODMETSTD,No,
ACLAMETSTD,ACLAT1,CODCLA+NOMETSTD+CODMETSTD,No,
ACLAOPT,ACLAO0,CODCLA+OPTCOD,No,
ACLAPARDEF,ACLPD0,CODCLA+CODE+CODPAR,No,
ACLAPARDEF,ACLPD1,CODCLA+CODE+NOPAR+CODPAR,Yes,
ACLAPARFLD,ACLFP0,CODCLA+TYPPAR+TYPKEY+FLDCLA+CODPAR,No,
ACLAPARFLD,ACLFP1,CODCLA+TYPPAR+TYPKEY+FLDCLA+NUMPAR,Yes,
ACLASSE,ACLA0,CODCLA,No,
ACLBSYS,ASA0,CAT+CODFIC,No,
ACLOB,ACB0,CODBLB+IDENT1+IDENT2+IDENT3,No,
ACODIF,ACO0,ABB,No,
ACODIF,ACO1,ENGDES,Yes,
ACODIF,ACO2,FREDES,Yes,
ACODNUM,ANM0,CODNUM,No,
ACONSTANT,ACST0,CODVAR,No,
ACONSTANT,ACST1,CATEG+CODVAR,No,
ACONSULT,ACN0,COD,No,
ACONTEXT,ACTX0,CODCTX,No,
ACONTEXT,ACTX1,CHAPTER+RANG+CODCTX,No,
ACONTEXT,ACTX2,PARAM+CODCTX,No,
ACTCODPAR,CODPAR,CODPAR,No,
ACTION,ACTION,ACTION,No,
ACTIV,CODACT,CODACT,No,
ACTIV,ACV1,MODULE+CODACT,No,
ACTIV,ACV2,ORDRE+CODACT,No,
ACTL,ACL0,CTL,No,
ACTLDEV,ACD0,COD,No,
ACTPAR,NOPAR,ACTION+NOPAR,No,
ACTPAR,CODPAR,CODPAR,Yes,
ADELETE,ADL0,NUM,No,
ADELETE,ADL1,OBJ+CLE1+CLE2,No,
ADELIVER,ADLV0,COD,No,
ADELIVERB,ADLB0,COD+CODFNC+CODBDG,No,
ADELIVERB,ADLB1,COD+CODBDG+CODFNC,No,
ADELIVERD,ADLD0,COD+CODACT,No,
ADELIVERL,ADLL0,COD+FNCLIM,No,
ADELIVERO,ADLO0,COD+TABCOD+TABKEY,No,
ADELIVERO,ADLO1,COD+TABCOD+TABAWM,Yes,
ADELIVERP,ADLP0,COD+PARAM+CLEPARAM,No,
ADELIVERR,ADLR0,COD+CODASW+CODBDG,No,
ADELIVERT,ADLT0,COD+CODSES+CODDVC,No,
ADICTRT,ADC0,CODTRT,No,
ADIMENSION,ADM0,COD,No,
ADIMENSION,ADM1,ORDRE+COD,No,
ADOCBLB,ADB0,LAN+TYP+COD+LEV+SUBLEV+LIG,No,
ADOCCLB,ADH0,LAN+TYP+COD+LEV+SUBLEV,No,
ADOCFLD,ADZ0,LAN+MOTCLE,No,
ADOCFLD,ADZ1,MOTCLE+LAN,No,
ADOCFNC,ADF0,TYP+COD+NUM,No,
ADOCUMENT,ADO0,LAN+TYP+COD+LEV+SUBLEV,No,
ADOCUMENT,ADO1,LAN+TYP+COD+PAR,Yes,
ADOCUMENT,ADO2,COD+LEV+SUBLEV,Yes,
ADOCUMENT,ADO3,TYP+COD+LEV+SUBLEV,Yes,
ADOPAR,ADP0,CHAPITRE+PARAM,No,
ADOPAR,ADP1,PARAM,No,
ADOPAR,ADP3,CHAPITRE+RANG+PARAM,No,
ADOPAR,ADP4,OBJET+PARAM,No,
ADOPAR,ADP5,CHAPITRE+GRPPAR+PARAM,No,
ADOSACT,ADA0,DOSSIER+CODACT,No,
ADOSDIM,ADE0,DOSSIER+DIMCOD,No,
ADOSLIV,ADK0,DOSSIER+COD,No,
ADOSSIER,DOSSIER,DOSSIER,No,
ADOSSOL,ADD0,DOSSIER+NUMLIG,No,
ADOVAL,ADW0,CMP+FCY+PARAM,No,
ADOVAL,ADW1,PARAM+CMP+FCY,No,
ADOVALAUS,ADU0,CODUSR+PARAM,No,
ADOVALAUS,ADU1,PARAM+CODUSR,No,
ADOVALGRP,ADG0,CHAPITRE+GRPPAR+GRPDEF+PARAM,No,
ADOVALGRP,ADG1,GRPDEF+CHAPITRE+GRPPAR+PARAM,No,
ADOVALHIS,AHW0,CMP+FCY+PARAM,No,
ADOVALHIS,AHW1,PARAM+CMP+FCY,No,
AECLIDBG,AEG0,NUMLIG,No,
AECLIDBG,AEG1,DOSSIER+LOGIN,Yes,
AECLIRDV,AEC0,NUMLIG,No,
AECLIRDV,AEC1,DOSSIER+LOGIN,Yes,
AELT,ELT0,ELTTYP+ELT+ELTLAN,No,
AELT,ELT1,ELTTYP+ELTINV+ELT+ELTLAN,No,
AELTLINK,ELK0,ELTTYP+ELT+ELTTYPLK+ELTLK,No,
AELTLINK,ELK1,ELTTYPLK+ELTLK+ELTTYP+ELT,No,
AENCHAINE,CODE,CODE+NUMLIG,No,
AENTREE,APE0,TRTSTD+OBJ+TRTSPE,No,
AESPION,ESPDAT,ESPDAT+ESPTIM,Yes,
AESPION,ESPUSR,ESPUSR+ESPDAT+ESPTIM,Yes,
AEXPV3,AEV0,CODE,No,
AEXPV3D,AED0,CODE+LIG,No,
AFCTCUR,AFU0,UID+FCT,No,
AFCTEXE,AFE0,USR+LIG,No,
AFCTFCT,AFT0,PRFCOD,No,
AFCTFCY,AFF0,FCY+PRFCOD+FNC,No,
AFCTFCY,AFF1,PRFCOD+FNC,Yes,
AFCTPRF,AFP0,PRFCOD+FNC+FCYGRU,No,
AFONCTION,CODINT,CODINT,No,
AFONCTION,CODEXT,CODEXT,No,
AFONCTION,MENU,MENU+RANG+CODINT,No,
AFONCTION,NUMFNC,NUMFNC,No,
AFONCTION,MODULE,MODULE+MENU+CODINT,No,
AFORDIM,AFO0,CODFIC,No,
AGDPRMAI,AGMAI0,NUMREQ,No,
AGDPRMAI,AGMAI1,MAICOD+TABCOD+TABFLD,No,
AGDPRPHONE,AGPHO0,NUMREQ,No,
AGDPRPHONE,AGPHO1,TELCOD+TABCOD+TABFLD,No,
AGDPRSETTING,AGS0,CODE,No,
AGDPRSETTING,AGS1,TYP+CODE,No,
AGDPRSETTING,AGS2,TYP+CODATY+CODATB+CODE,No,
AGDPRVCR,AGVCR0,UID+CODATY+CODFIC+CODE+VCRKEY,No,
AGDPRVCR,AGVCR1,UID+VCRKEY,Yes,
AGLOBVAR,AGB0,CODVAR,No,
AGLOBVAR,AGB1,TRTSTD+RANG+CODVAR,No,
AGLOBVAR,AGB2,PARAM+CODVAR,No,
AGRPCPY,AGC0,GRP+CPY,No,
AGRPCPY,AGC1,CPY+GRP,No,
AGRPFCY,AGF0,GRP,No,
AHISTO,AHI0,COD,No,
AHISTOD,AHD0,COD+LIG,No,
AINDEX,ANX0,LIG,No,
AINDEX,ANX1,TABLE+LIG,No,
AINDEX,ANX2,TABLE+CODIND,No,
AITRLNK,AIT0,CODLNK,No,
AJSAUDIT,,,,
AJSCONT,,,,
AJSEXCEPT,,,,
AJSSYNC,,,,
ALINK,ALI0,USRCOD+SRCOBJ+SRCKEY+DSTOBJ+DSTKEY,No,
ALISTEC,ALC0,COD,No,
ALISTED,ALD0,COD+LIG,No,
ALISTED,ALD1,COD+ORD,Yes,
ALISTEH,ALH0,COD,No,
ALISTEL,ALL0,COD+LNKORG+LNKDES,No,
ALISTER,ALR0,COD+USR+NIV+LIG+COL,No,
ALISTET,ALT0,COD+TBL,No,
ALNKSUB,ALB0,CRY+TYP+POS,No,
ALNKSUB,ALB1,COD+CRY+TYP,Yes,
ALOGIN,ALO0,BDDID+FLG,Yes,
ALOGIN,ALO1,SEQ,No,
ALOGIN,ALO2,ADOID,Yes,
ALSTRD,ALS0,USR+OBJ+LIG,No,
AMAINT,AMI0,COD,No,
AMEMO,AMM0,MEMO,No,
AMENLOC,MENLOC,MENLOC,No,
AMENUSER,CODMEN,CODPRF+NUMLIG,No,
AMENUSER,MENCOD,CODPRF+MENU+NUMLIG,No,
AMENUSER,MENFCT,CODPRF+FONCTION,Yes,
AMETUTI,AME0,CODMET,No,
AMIGKEY,AMY0,DOSSIER+IDENT,No,
AMOTCLE,AMC0,TYPZON+IDENT1+IDENT2,No,
AMOTCLE,AMC1,IDENT1+IDENT2,Yes,
AMOULIN,AI01,CODE,No,
AMOULIN,AI02,INDICEM,No,
AMOULIN1,AI11,PLAN,No,
AMOULIN2,AI21,PLAN+CODE,No,
AMSK,CODMSK,CODMSK,No,
AMSK,ABRMSK,ABRMSK,Yes,
AMSKACT,TYPAFF,TYPAFF+CODAFF+CODZON+TYPACT+NOACT,No,
AMSKACT,NOACT,CODAFF+CODZON+TYPACT+NOACT+TYPAFF,No,
AMSKPAR,CODPAR,TYPAFF+CODAFF+CODZON+CODPAR,No,
AMSKPAR,CODAFF,CODAFF+CODZON,Yes,
AMSKZON,CODE,CODMSK+CODZON,No,
AMSKZON,CODZON,CODMSK+NUMBLOC+NOZONE+CODZON,No,
AMSKZON,CODTYP,CODTYP+CODMSK+CODZON,No,
AMSKZON,DICO,CODZON+CODMSK,No,
ANAVCRE,ANI0,COD+LIG,No,
ANAVCRE,ANI1,FNC+OBJ+LIG,No,
ANAVFIL,ANH0,COD+LIG,No,
ANAVFIL,ANH1,FNC+OBJ+LIG,No,
ANAVIG,ANG0,COD,No,
ANAVIG,ANG1,FNC+OBJ,No,
ANNUAIRE,ANU0,COD,No,
AOBJBUR,AOA0,ABREV+IDENT1+IDENT2+IDENT3,No,
AOBJBURMOD,AON0,ABREV+TRN+CPY+MODELE,No,
AOBJET,ABREV,ABREV,No,
AOBJET,NOMFIC,NOMFIC+ABREV,No,
AOBJEXT,AOE0,EXT,No,
AOBJEXT,AOE1,OBJ+EXT,No,
AOBJEXTD,AOD0,EXT+NUMLIG,No,
AOBJEXTMP,AOW0,NUMLOT,No,
AOBJEXTMP,AOW1,EXT+NUMLOT,Yes,
AOBJEXTMPB,AOZ0,NUMLOT+NUMLIG,No,
AOBJEXTMPB,AOZ2,NUMLOT-NUMLIG,No,
AOBJEXTMPC,AOY0,NUMLOT+NUMLIG,No,
AOBJEXTMPC,AOY2,NUMLOT-NUMLIG,No,
AOBJEXTMPD,AOV0,NUMLOT+NUMLIG+FLDNUM,No,
AOBJEXTMPD,AOV1,NUMLOT+NUMLIG,Yes,
AOBJEXTMPD,AOV2,NUMLOT-NUMLIG+FLDNUM,No,
AOBJEXTMPD,AOV3,NUMLOT-NUMLIG+AOVFIL+AOVFLD+FLDNUM,No,
AOBJEXTMPE,AOU0,NUMLOT+NUMLIG+FLDNUM,No,
AOBJEXTMPE,AOU2,NUMLOT-NUMLIG+FLDNUM,No,
AOBJEXTR,AOR0,NUMTAB+NUMLIG,No,
AOBJEXTR,AOR1,NUMTAB+CODEXT+NUMLIG,No,
AOBJEXTR,AOR2,NUMTAB+CODLOC+NUMLIG,No,
AOBJLNK,AOK0,SRCOBJ+LIN,No,
AOBJLST,AOL0,ABREV,No,
AOBJPROP,AOP0,OBJ+NUM,No,
AOBJSEL,AOS0,CODE+MEMO+ALL+USR,No,
AOBJSEL,AOS1,CODE+NUMORD+ALL,No,
AOBJTAB,ABREV,ABREV+NUMLIG,No,
AOBJTAB,TABFIC,ABREV+TABFIC+TABABR,No,
AOBJTXT,AOX0,ABREV+IDENT1+IDENT2+IDENT3,No,
AOBJTXTA,AOM0,ABREV+IDENT1+IDENT2+IDENT3+MOTCLE,No,
AOBJTXTA,AOM1,MOTCLE+ABREV+IDENT1+IDENT2+IDENT3,No,
APARIMPEXP,APX0,COD,No,
APATCH,APT0,NUM,No,
APATCH,APT1,FIC,Yes,
APATCH,APT2,TYP+VER+NUMP,Yes,
APATCHLOG,APT0,AFOLDER+AUPDATE+IDENT,No,
APATCHLOGD,APLD0,AFOLDER+AUPDATE+IDENT+TYP+LINE,No,
APATCHMOD,APH0,MODPAT+NUMLIG,No,
APATCHTMP,APATMP0,NUMREQ+FICNAM+FOLD,No,
APLCOM,COMCLE,COMNOM+COMIND,No,
APLCOMH,ACMH0,COMNOM,No,
APLLCK,LCKCLE,LCKSYM+LCKIND,No,
APLLCK,PIDFLG,LCKPID+LCKFLG,Yes,
APLSTD,CLE,LANCHP+LANNUM+LAN,No,
APLSTD,LAN,LAN+LANCHP+LANNUM,No,
APOOLBRG,APB1,POOLALIAS,No,
APOOLWS,APW1,CLE,No,
APOOLWS,APW2,SOLUTION+DOSSIER+SWEBALIAS+POOLALIAS,No,
APORTMOD,AMO0,CODUSR+CODTAB+CODMOD,No,
APORTMOD,AMO1,VIGNETTE+CODUSR,Yes,
APORTTAB,APA0,CODUSR+CODTAB,No,
APORTTYP,ATP0,CODFA,No,
APORTUSER,APU0,CODUSR,No,
APORTVIG,AVP0,CODVI,No,
APORTVIG,AVP1,MENUR+RANGR+CODVI,No,
APRINTDES,AID0,COD+NUM,No,
APRINTER,AIM0,COD,No,
APROCESSUS,APR1,CODLEG+CODPRO,No,
APROCESSUS,APR0,CODPRO,Yes,
APROCESSUS,APR2,CODPRO+CODLEG,No,
APROCTEXTE,AXP0,CODPRO+CODLEG+LANG+UNIQIDP,No,
APROCTEXTE,AXP1,LANG+CODPRO+CODLEG+UNIQIDP,No,
APROFIL,CODPRF,MODULE+CODPRF,No,
APROFIL,APF1,CODPRF+MODULE,No,
APROMEN,APO1,LEG+CODMEN,No,
APROMEN,APO0,CODMEN,Yes,
APROMEN,APO2,CODMEN+LEG,No,
APRTAUS,AIA0,USR+RPTCOD+CMP,No,
APRTBRW,AP20,AP2BRW,No,
APTLPAGE,APS0,APSPAG,No,
APTLPAR,APP0,APPTYP+APPCOD,No,
APTLVW,APV0,APVCOD,No,
AQRESULTS,AQR0,NAME+CREDATTIM,No,
ARCHPAR,ARC0,CODARC,No,
ARCHPARE,ARE0,TYPDOC+IDTVOL+NUMLIG,No,
ARCHPARU,ARU0,ARCPRF,No,
ARCHPARW,ARW0,CODARC+CODPAR,No,
AREFAML,ARN0,NOLIB+NUM,No,
AREFTXT,ART0,TXTNUM+NUM,No,
AREFTXT,ART1,TXTNUM+CODFIC+CODZONE+CLES,No,
AREFTXT,ART2,CODFIC+CODZONE+CLES+TXTNUM,No,
AREPORT,ARP0,RPTCOD,No,
AREPORT,ARP1,GRP+RPTCOD,No,
AREPORTA,ARA0,PATNAM-TIMSTP+TYP+SEQ,No,
AREPORTA,ARA1,PATNAM-VER,Yes,
AREPORTA,ARA2,PATNAM+VER+TYP+SEQ,No,
AREPORTD,ARD0,RPTCOD+PARNUM,No,
AREPORTD,ARD1,PARCOD+RPTCOD,No,
AREPORTG,ARG0,CODPAR+NUM+LIG,No,
AREPORTM,ARM0,NUMREQ+USR+RPTCOD+NUMLIG,No,
AREPORTM,ARM1,USR+RPTCOD,Yes,
AREPORTM,ARM2,NUMREQ+USR+SEQREQ+RPTCOD+NUMLIG,No,
AREPORTS,ARO0,RPTCOD,No,
AREPORTV,ARV0,FONCTION+TYPCOD+ETAT+PARAM,No,
AREPORTV,ARV1,TYPCOD+ETAT+PARAM+FONCTION,No,
AREPORTX,ARX0,INTCOD+TYPCOD+EXTCOD+LAN,Yes,
AREPORTZ,ARZ0,CODPAR,No,
AROLE,ARL0,OBJ+ROL,No,
AROLE,ARL1,ROL+OBJ,No,
ASHW,ASW0,CODREP,No,
ASHWBLC,ASWB0,CODREP+CODBLC,No,
ASHWBLC,ASWB1,CODREP+NIVBLC+CODBLC,No,
ASHWCOL,ASWC0,CODREP+CODCOL,No,
ASHWEXPPRO,ASWR0,CODREP+ALIAS,No,
ASHWEXPPRO,ASWR1,CODREP+NUMPRO+CODPRO,Yes,
ASHWEXPPRO,ASWR2,CODREP+ORDPRO+NUMPRO+CODPRO,Yes,
ASHWEXPPRO,ASWR3,CODREP+CODPRO,Yes,
ASHWFLD,ASWF0,CODREP+CODFLD,No,
ASHWFLD,ASWF1,CODREP+NUMFLD+CODFLD,No,
ASHWFLD,ASWF2,CODREP+NUMFLD+NUMLIG+CODFLD,No,
ASHWLNK,ASWK0,CODREP+AFFLNK+ANCLNK+CODLNK,No,
ASHWLNK,ASWK1,CODREP+ANCLNK+ORDTECLNK+AFFLNK+MENLNK+CODLNK,Yes,
ASHWMENU,ASWMN0,CODREP+CODMENU,No,
ASHWMENU,ASWMN1,CODREP+PARMENU+ORDMENU+CODMENU,No,
ASHWMET,ASWM0,CODREP+CODMET,No,
ASHWMET,ASWM1,CODREP+NOMET+CODMET,No,
ASHWOPT,ASWO0,CODREP+OPTCOD,No,
ASHWPAR,ASWP0,CODREP+TYPPAR+TYPKEY+CODFLD+CODLNK+AFFLNK+CODPAR,No,
ASHWPAR,ASWP1,CODREP+TYPPAR+CODFLD+CODLNK+AFFLNK+NUMPAR+TYPKEY+CODPAR,Yes,
ASHWPARMET,ASWMP0,CODREP+CODMET+CODPARMET,No,
ASHWPARMET,ASWMP1,CODREP+CODMET+NOPARMET+CODPARMET,Yes,
ASHWSEC,ASWS0,CODREP+CODSEC,No,
ASHWSEC,ASWS1,CODREP+NIVSEC+CODSEC,No,
ASSCONF,,,,
ASTYLE,ASY0,COD,No,
ASTYLEC,ASL0,COD+LIG,No,
ASTYLEP,AYP0,CAT+LIG,No,
ASTYLEP,AYP1,CAT+COD,No,
ASUBPROG,ASU0,PRG+SUBPRG,No,
ASUBPROGD,ASP0,PRG+SUBPRG+LIGNE,No,
ASUBPROGD,ASP1,PRG+SUBPRG+PARAM,No,
ATABAUD,ATA0,CODFIC+NUMLIG,No,
ATABDIV,CODE,NUMTAB+CODE,No,
ATABIND,CODIND,CODFIC+CODIND,No,
ATABIND,NUMLIG,CODFIC+NUMLIG+CODIND,No,
ATABLE,CODFIC,CODFIC,No,
ATABLE,ABRFIC,ABRFIC,No,
ATABTAB,CODE,NUMTAB,No,
ATABZON,NUMLIG,CODFIC+NUMLIG+CODZONE,No,
ATABZON,CODZONE,CODFIC+CODZONE,No,
ATABZON,CODTYP,CODTYP+CODFIC+CODZONE,No,
ATABZON,LIEN,LIEN+CODFIC+CODZONE,No,
ATABZON,DICO,CODZONE,Yes,
ATEXMOD,ATM0,MODULE,No,
ATEXTE,NUMERO,LAN+NUMERO,No,
ATEXTE,TEXTE,LAN+TEXTE,Yes,
ATEXTE,CLEREC,LAN+CLEREC,Yes,
ATEXTE,DERNUM,NUMERO+LAN,No,
ATEXTEXCEP,AEX0,VERORI+LAN+NUMERO,No,
ATEXTEXCEP,AEX1,VERORI+NAMREP+SUBREP+SECREP+OBJREP+LAN,No,
ATEXTRA,AXX0,CODFIC+ZONE+LANGUE+IDENT1+IDENT2,No,
ATEXTRA,AXX1,LANGUE+CODFIC+ZONE,Yes,
ATMPTRA,ATT0,NUMREQ+LIG,No,
ATRADIS,ATS0,NUMERO,No,
ATRADIS,ATS1,LANGUE+EXTDAT,Yes,
ATRADIS,ATS2,LANGUE+INTDAT,Yes,
ATRADIS,ATS3,LANGUE+NUMERO,No,
ATRANSAC,ATN0,COD,No,
ATRANSAC,ATN1,OBJGES,Yes,
ATYPE,CODTYP,CODTYP,No,
ATYPE,GLOBVAR,TYPTYP+CODTYP,No,
ATYPELNK,ATYL0,CODTYP+CODLNK,No,
ATYPELPAR,ATYLP0,CODTYP+CODLNK+PARCOD,No,
ATYPEPRO,ATYP0,COD,No,
ATYPERPAR,ATYRP0,CODTYP+TYPRUL+TRTRUL+PRGRUL+PARCOD,No,
ATYPERPAR,ATYRP1,CODTYP+TYPRUL+TRTRUL+PRGRUL+PARORD,Yes,
ATYPERUL,ATYR0,CODTYP+TYPRUL+TRTRUL+PRGRUL,No,
AUDITBI,AUD0,SEQ,No,
AUDITBI,AUD1,STA+SEQ,No,
AUDITBI,AUD2,ADOUSR,Yes,
AUDITBI,AUD3,STABI+SEQ,No,
AUDITH,AUD0,SEQ,No,
AUDITH,AUD1,STA+SEQ,No,
AUDITH,AUD2,ADOUSR,Yes,
AUDITH,AUD3,STABI+SEQ,No,
AUDITL,AUL0,SEQ+COL,No,
AURL,AUR0,CODURL,No,
AUSRBPR,AUB0,USR+BPR+ROL,No,
AUSRSOL,AUO0,USR,No,
AUSRSTA,AUA0,NUM,No,
AUSRSTA,AUA1,DOSSIER+USR+PER+EVT+ARG1+ARG2,No,
AUTILIS,CODUSR,USR,No,
AUTILIS,LOGIN,LOGIN,Yes,
AVALATT,AVA0,CODNUM+SITE+PERIODE+COMP+VALEUR,No,
AVALNUM,AVN0,CODNUM+SITE+PERIODE+COMP,No,
AVARLOC,AVR0,TYP+FCT+COD,No,
AVIEW,AVW0,CODVUE,No,
AVIEW,AVW1,ABRVUE,Yes,
AVIEWB,AVB0,CODVUE+TYPDBA,No,
AVIEWC,AVC0,CODVUE+CODCLE,No,
AVIEWC,AVC1,CODVUE+NUMLIG+CODCLE,No,
AVIEWD,AVD0,CODVUE+NUMLIG+FLDVUE,No,
AVIEWD,AVD1,CODVUE+FLDVUE,No,
AVIEWD,AVD2,CODTYP+CODVUE+FLDVUE,No,
AVOCAB,AVO0,LAN+VER+TYP+CHP+NUM,No,
AVOLUME,CODE,VOLUME,No,
AWEBSERDES,AWY1,PUBLI+GRP+CHP,No,
AWEBSERVIC,AWE1,PUBLI,No,
AWINBOUT,AWT0,WIN+NUM+CODBOUT,No,
AWINBRO,AWB0,WIN,No,
AWINDOW,AWI0,WIN,No,
AWINDOW,AWI1,OBJ+WIN,No,
AWINDOW,AWI2,OBJ+TRN+WIN,No,
AWINPAR,AWP0,WIN+NUM+NOPAR+PARAM,No,
AWRKHISDES,AWO0,CHRONO+EMAIL,No,
AWRKHISDES,AWO1,LNKHTP,Yes,
AWRKHISJOI,AWJ0,CHRONO+JOINUM,No,
AWRKHISMES,AWG0,CHRONO,No,
AWRKHISMES,AWG1,REFGRP+NUMGRP+CHRONO,No,
AWRKHISSUI,AWS0,CHRONO+DEST,No,
AWRKHISSUI,AWS1,NUMORG+CHRONO+DEST,No,
AWRKHISSUI,AWS2,DEST+CHRONO,No,
AWRKHISSUI,AWS3,CHRONO+EMAIL,Yes,
AWRKHISSUI,AWS4,NUMGRP+CHRONO+USRTOP,Yes,
AWRKHISSUI,AWS5,TYPEVT+CLEOBJ+IDENTGRP+NUMORG+LEVSIG,Yes,
AWRKHISSUI,AWS6,CODWRK+CODEVT+FLGSIG+DEST,Yes,
AWRKLNK,AWM0,MODELE,No,
AWRKLNK,AWM1,CODSTR+MODELE,No,
AWRKPAR,AWA0,CODE,No,
AWRKPAR,AWA1,TYPEVT+CODEVT+CODE,No,
AWRKPAR,AWA2,CATEG+CODE,No,
AWRKPARC,AWC0,CODE+NUMACT,No,
AWRKPARF,AWF0,CODE,No,
AWRKPARH,AWH0,CODE,No,
AWRKPARX,AWX0,CODE,No,
AWRKREG,AWR0,CPY+REGLE,No,
AWRKREG,AWR1,REGLE+CPY,No,
AWRKREG,AWR2,MODELE+REGLE+CPY,No,
AWRKREGVAL,AWV0,REGLE+CPY+NUMLIG,No,
AWRKTAB,AWK0,MODELE+NUMLIG,No,
AWRKTRN,AWW0,WRKTRN,No,
AWRKTRND,AWD0,WRKTRN+NUMMSK,No,
AWRKUSR,AWU0,USER+NUMDEL,No,
AWSDL,AXL0,CWSDL,No,
AWSDL1,AX10,CWSDL+TWSDL+NWSDL,No,
AYTACT,AYA0,FCYCOD+ACTCOD,No,
AYTADVPAR,AYU0,FCYCOD+OBJTYP+OBJCOD+LIN,No,
AYTBASKED,AYK0,NUM+BASKLIN,No,
AYTDOC,AYY2,LAN+DOCCOD,No,
AYTDOC,AYY0,DOCCOD+LAN,No,
AYTDOC,AYY1,CAT+BRWX3,No,
AYTELTBLC,AYB0,FCYCOD+BLCCOD,No,
AYTELTBLCW,AYW0,FCYCOD+BLCWHNCOD,No,
AYTELTDLK,AYL0,FCYCOD+DLKCOD,No,
AYTELTFLD,AYF0,FCYCOD+FIECOD,No,
AYTELTSPE,AYX0,FCYCOD+SPXCOD,No,
AYTENT,AYE0,FCYCOD+ENTCOD,No,
AYTFCY,AYS0,FCYCOD,No,
AYTFRM,AYZ0,FRMCOD,No,
AYTFRM,AYZ1,TYP+FRMCOD,No,
AYTINT,AYI0,FCYCOD+INTCOD,No,
AYTINT,AYI1,WEBSRCCOD,Yes,
AYTLINES,AYN0,FCYCOD+LINCODTYP+LINCOD+LINTYP+LINNUM,No,
AYTMEN,AYC0,FCYCOD+MENCOD,No,
AYTMES,AYM0,FCYCOD+MESCOD,No,
AYTMES,AYM1,CAT+BRWX3,No,
AYTPAG,AYG0,FCYCOD+PAGCOD,No,
AYTPOOWEB,AYO0,POOCOD,No,
AYTPOOWEB,AY1,POOX3+POOCOD,No,
AYTPRF,AYD0,FCYCOD+PRFCOD,No,
AYTPRFUSR,AYH0,CODPRF,No,
AYTPRFX3,AYR0,USR+FCYXTDCOD,No,
AYTTEST,AYT0,COD1+COD2,No,
BALAGEEOY,BGY0,USR+NUMREQ+CPY+CODBLK+BPR+ACCDAT+DUDDAT+TYP+NUM+DUDLIG,No,
BALANA,BLA0,LEDTYP+CPY+FCY+FIY+ACC+BPR+CCE1+CCE2+CCE3+CCE4+CCE5+CCE6+CCE7+CCE8+CCE9+CUR,No,
BALANA,BLA1,ACCNUM,No,
BALANA,BLA2,LEDTYP+CPY+CUR+FCY+ACC+BPR+CCE1+CCE2+CCE3+CCE4+CCE5+CCE6+CCE7+CCE8+CCE9+FIY,No,
BALANA,BLA3,LEDTYP+CUR+FCY+FIY+ACC+CCE1+CCE2+CCE3+CCE4+CCE5+CCE6+CCE7+CCE8+CCE9+BPR+CPY,No,
BALANCE,BAL0,LEDTYP+CPY+FCY+FIY+ACC+BPR+CUR,No,
BALANCE,BAL1,ACCNUM,No,
BALANCE,BAL2,LEDTYP+CUR+CPY+FCY+ACC+BPR+FIY,No,
BALCONSO,BLC0,LEDTYP+GRUGPY+CPYGRU+ACCGRU+BPRGRU+CCE1+CCE2+CCE3+CCE4+CCE5+CCE6+CCE7+CCE8+CCE9+CURTRS+CRI,No,
BALDEM,BAM0,LEDTYP+CPY+FCY+FIY+DEBACC+DEBBPR+CDTACC+CDTBPR+IDTDEBCCE+IDTCDTCCE+CUR,No,
BALDEMIDT,BAI0,CCE1+CCE2+CCE3+CCE4+CCE5+CCE6+CCE7+CCE8+CCE9,No,
BALDEMIDT,BAI1,IDTCCE,No,
BANK,BAN0,BAN,No,
BANKPOSD,BPL0,CNSUSR+CPY+FCY+GRPBAN+BAN+TYPFRT+DUDDAT,No,
BANKPOSD,BPL1,INDLNK,Yes,
BANREC,BEH0,RBKNUM,No,
BANRECD,BED0,RBKNUM+ACCNUM,No,
BANRECD,BED1,ACCNUM,No,
BAPPOINT,APP0,APTNUM,No,
BAPPOINT,APP1,APTWEE,Yes,
BAPPOINT,APP2,APTDAT+APTHOU+APTNUM,No,
BAPPOINT,APP3,APTWEE+APTDAT+APTHOU,Yes,
BAPPOINT,APP4,APTDATX,Yes,
BAPPOINT,APP5,APTCMP,Yes,
BAPPOINT,APP6,APTORI+APTORIVCR+APTORIVCRL,Yes,
BATCH,BTC0,COD,No,
BATCH,BTC1,RQT,Yes,
BENCHTRS,BTS0,BTSTYP+BTSNUM,No,
BENCHTRS,BTS1,BTSNUM+BTSTYP,No,
BETCPY,BCH0,CLE,No,
BETCPYL,BCL0,NUMERO,No,
BETCPYL,BCL1,FLG1234+NUMERO,No,
BETCPYL,BCL2,CRIBETCPY,No,
BGRBAN,BGR0,GRPBAN,No,
BID,BID0,BPATYP+BPANUM+BIDNUM+BPAADD,No,
BID,BID2,BPATYP+BPANUM+BPAADD,Yes,
BILLLADC,BOLC0,BOLNUM+BOLLIN,No,
BILLLADC,BOLC1,BOLNUM+DOCNUMCON,No,
BILLLADD,BOLD0,BOLNUM+BOLLIN,No,
BILLLADD,BOLD1,BOLNUM+FRTCLS+PCK+NMFC,Yes,
BILLLADH,BOLH0,BOLNUM,No,
BILLLADWRK,BOLW0,REQNUM+USER+BOLNUM+BOLLIN,No,
BILSTA,BES0,FRMNUM+LIN,No,
BILSTA,BES1,PAYNUM+FRMNUM+LIN,No,
BITMPPORDERP,BIPOP0,BIPOPADXUID+POHNUM+POPLIN+POPSEQ,No,
BITMPPORDERQ,BIPOQ0,BIPOQADXUID+POHNUM+POPLIN+POQSEQ,No,
BITMPSORDERP,BISOP0,BISOPADXUID+SOHNUM+SOPLIN+SOPSEQ,No,
BITMPSORDERQ,BISOQ0,BISOQADXUID+SOHNUM+SOPLIN+SOQSEQ,No,
BLACMM,BLM0,LEDTYP+CPY+FCY+FIY+ACC+BPR+CCE1+CCE2+CCE3+CCE4+CCE5+CCE6+CCE7+CCE8+CCE9+CUR,No,
BLACMM,BLM1,ACCNUM,No,
BLAQTY,BLQ0,LEDTYP+CPY+FCY+FIY+ACC+BPR+CCE1+CCE2+CCE3+CCE4+CCE5+CCE6+CCE7+CCE8+CCE9+CUR,No,
BLAQTY,BLQ1,ACCNUM,No,
BLAQTY,BLQ3,LEDTYP+CUR+FCY+FIY+ACC+CCE1+CCE2+CCE3+CCE4+CCE5+CCE6+CCE7+CCE8+CCE9+BPR+CPY,No,
BLOBEXPENSES,BEXP0,ACCNUM,No,
BLOBEXPENSES,BEXP1,CLB+DATEXS,Yes,
BNKTRSIMP,TFH0,FICHIER+LIN,No,
BOM,BOH0,ITMREF+BOMALT+BOMALTTYP,No,
BOMD,BOD0,ITMREF+BOMALT+BOMSEQ+CPNITMREF+BOMALTTYP,No,
BOMD,BOD1,CPNITMREF+ITMREF+BOMALT+BOMSEQ+BOMALTTYP,No,
BOMD,BOD2,ITMREF+BOMALT+BOMSEQ+BOMSEQNUM+CPNITMREF+BOMALTTYP,No,
BOMD,BOD3,BOMALT+CPNITMREF+BOMALTTYP+ITMREF+BOMSEQ,No,
BOMD,BOD4,BOMALT+ITMREF+BOMALTTYP+CPNITMREF+BOMSEQ,No,
BOMPRN,BOP0,BOPUID+BOMALTTYP+BOMALT+ITMREF+LIG,No,
BOMRET,BMR0,BMRUID+ITMREF+NIV,No,
BOMWUS,BOW0,BOWUID+ITMREF+BOMALT+BOMSEQ+CPNITMREF+BOMALTTYP,No,
BOMWUS,BOW1,BOWUID+BOMALT+BOMALTTYP+ITMREF+BOMSEQ+CPNITMREF,No,
BOX1099,BX90,FRM1099+BOX1099,No,
BP1096PRN,B96R0,YR1099+CPY+NUMLIG,No,
BP1099BEGBAL,B9B0,YR1099+CPY+BPSNUM+SEQ,Yes,
BP1099BEGBAL,B9B1,YR1099+CPY+BPSNUM+FRM1099+BOX1099,No,
BP1099PRN,B9R0,YR1099+CPY+BPSNUM+NUMLIG,No,
BPADDRESS,BPA0,BPATYP+BPANUM+BPAADD,No,
BPARTNER,BPR0,BPRNUM,No,
BPARTNER,BPR1,BPRSHO,Yes,
BPARTNER,BPR2,BETFCY+FCY+BPRNUM,No,
BPCARRIER,BPT0,BPTNUM,No,
BPCARRIER,BPT1,BPTNAM,Yes,
BPCCATEG,BCG0,BCGCOD,No,
BPCINVLIG,SIL0,NUM+LIG,No,
BPCINVLIGA,SIA0,NUM+LIG+ANALIG,No,
BPCINVVAT,SIT0,NUM,No,
BPCUSTMVT,MVC0,BPCRSK+CPY+BPCNUM+CUR,No,
BPCUSTMVT,MVC1,BPCNUM+CPY,Yes,
BPCUSTOMER,BPC0,BPCNUM,No,
BPCUSTOMER,BPC1,BPCNAM,Yes,
BPDLVCUST,BPD0,BPCNUM+BPAADD,No,
BPDLVCUST,BPD1,RCPFCY+BPCNUM+BPAADD,No,
BPEXCEPT,BPE0,BPRNUM+CPY,No,
BPMISC,BPM0,BPRTYP+BPRNUM,No,
BPMISCCGF,BPG0,BPRTYP+LAN,Yes,
BPS1099GEN,B9G0,YR1099+CPY+BPSNUM+FRM1099+BOX1099,No,
BPS1099GEN,B9G1,YR1099+CPY+BPSNUM,Yes,
BPS1099GEN,B9G2,YR1099+CPY+BPSNUM+FRM1099,Yes,
BPS1099MNT,B9M0,YR1099+CPY+BPSNUM+FRM1099+BOX1099,No,
BPS1099PAY,B9P0,YR1099+CPY+BPSNUM+PAYNUM+PAYLIN,No,
BPS1099PAY,B9P1,YR1099+CPY+BPSNUM+FRM1099+BOX1099,Yes,
BPSCATEG,BSG0,BSGCOD,No,
BPSHISUPLN,BSL0,BPSNUM+CPY+BPSSHI+BPSADD,No,
BPSHISUPLN,BSL1,BPSSHI+BPSADD,Yes,
BPSHISUPP,BSS0,BPSSHI+BPSADD,No,
BPSINVLIG,PIL0,NUM+LIG,No,
BPSINVLIGA,PIA0,NUM+LIG+ANALIG,No,
BPSUPPLIER,BPS0,BPSNUM,No,
BPSUPPLIER,BPS1,BPSNAM,Yes,
BPSUPPLIER,BPS2,BPSSHO,Yes,
BPSUPPMVT,MVS0,BPSRSK+CPY+BPSNUM+CUR,No,
BPSUPPMVT,MVS1,BPSNUM+CPY,Yes,
BRDKEY,BRD0,CPY+BRDREF+DSPKEY,No,
BRDKEY,BRD1,CPY+BRDREF,No,
BUD,BUD0,LEDTYP+BUD+CPY+FCY+FIY+VER+ACC+CCE1+CCE2+CCE3,No,
BUD,BUD1,ACCNUM,No,
BUD,BUD2,CCE2+ACCNUM,No,
BUD,BUD3,CCE2+FIY+CCE1+ACC,Yes,
BUD,BUD4,CCE2+FIY,Yes,
BUDAPP,BOA0,NUM,No,
BUDAPP,BOA1,TYP+ENV+FIY+ACC,Yes,
BUDAPPDET,BAD0,NUMERO+NUMAPP,No,
BUDAPPDET,BAD1,NUMAPP+NUMERO,No,
BUDFORCAL,BUC0,BUDFOR+LIN,No,
BUDOD,BDE0,NUM,No,
BUDODS,BDO0,NUM+LIN,No,
BUDPAR,BUP0,BUD,No,
BUDPURAUD,BUA0,TYP+TYPPCE+NUM+LIN+SEQ+ANALIN+FIY,Yes,
BUDPURAUD,BUA1,BUANUM,No,
BUDREV,BRV0,NUM,No,
BUDREV,BRV1,TYP+ENV+FIY+ACC,Yes,
BUDREVDET,BVD0,NUMERO+NUMREV,No,
BUDTYP,BUT0,BUDCOD,No,
BUDVARCAL,BVC0,BUDFOR+VARCOD,No,
BUDVER,BUV0,BUD+VER,No,
BUILOCSPA,BLS0,NUM,No,
CAAUZ,CAZ0,TYP+AUZ1+AUZ2,No,
CACCE,CCE0,DIE+CCE,No,
CACCEDEF,CDE0,COD+CPY,No,
CADIEDEF,CDI0,OBJ,No,
CADISTMP,DTP0,DTP,No,
CADSP,DSP0,DSP+NBRDSP,No,
CALCDBG,CDG0,BRKNORD,No,
CALIBRAT,CBT0,FCY+SLE+CBTDAT+MVTSEQ,No,
CALIGUIDES,CGD0,CGD+CGDLIG,No,
CALLATTEMP,CTT0,CTTNUM,No,
CALLATTEMP,CTT1,CTTCMP,Yes,
CALLATTEMP,CTT2,CTTCCN,Yes,
CAPFLOTMP,CWT0,NUMREQ+LIN,No,
CAPVAR,CPV0,WST+WCRFCY,No,
CARAREA,CAA0,BPTNUM+LINNUM,No,
CARAREA,CAA1,BPTNUM+STOFCY+CRY+POSCOD,Yes,
CARPRICE,CAP0,BPTNUM+BPTARE+RANG,No,
CARPRICE,CAP1,BPTNUM+RANG+BPTARE,No,
CARPRICE,CAP2,BPTNUM+BPTARE+MAXQTY,No,
CASHING,CAS0,GRAREF+CASHDAT,No,
CASHING,CAS1,CPY+GRAREF+CASHDAT,No,
CASHING,CAS2,CPY+FCY+GRAREF+CASHDAT,No,
CASHPAYSPA,CPS0,TYP+NUM+LIN,No,
CASHPAYSPA,CPS1,ACCNUM+LIN,No,
CASHPAYSPA,CPS2,BPRNUM,Yes,
CBLOB,CBB0,CODBLB+IDENT1+IDENT2,No,
CBNDET,CBD0,STOFCY+ITMREF+BUC+REQDAT+WIPTYP+WIPNUM,No,
CBNDET,CBD1,STOFCY+SUGTYP+SUGSTA+SUGNUM,Yes,
CBNDET,CBD2,STOFCY+ITMREF+WIPTYP+WIPSTA,Yes,
CBNDET,CBD3,ITMREF+STOFCY+BUC+REQDAT+WIPTYP+WIPNUM,No,
CBNDET,CBD4,ITMREFORI+STOFCY+WIPTYP+WIPSTA,Yes,
CBNHEA,CBH0,STOFCY+ITMREF,No,
CBNHEA,CBH1,STOFCY+LLC+ITMREF,No,
CBNWRK,CBW0,STOFCY+ITMREF+RECCOD+DAT,No,
CCMACTION,CCMACT_0,ACTIONID,No,
CCMAPPROVER,CCMAPPR0,CRID+APPRLN,No,
CCMAPPROVER,CCMAPPR1,CRID+APPRUSER,Yes,
CCMAPPROVER,CCMAPPR2,CRID+SORTSEQ,Yes,
CCMCHGREQ,CCMCR0,CRID,No,
CCMCRDESC,CCMCR0,CRID,No,
CCMCRNOTES,CCMCRN0,CRID+NOTELINE,No,
CCMCRORIGC,CCMCROC0,CRID+ORIGCLN,No,
CCMCRORIGC,CCMCROC1,CRID+BPCNUM,No,
CCMCRORIGC,CCMCROC2,CRID+SORTSEQ,Yes,
CCMCRORIGE,CCMCROE0,CRID+ORIGELN,No,
CCMCRORIGE,CCMCROE1,CRID+EXTCONTACT,No,
CCMCRORIGE,CCMCROE2,CRID+SORTSEQ,Yes,
CCMCRORIGI,CCMCROI0,CRID+ORIGILN,No,
CCMCRORIGI,CCMCROI1,CRID+USER,No,
CCMCRORIGI,CCMCROI2,CRID+SORTSEQ,Yes,
CCMCRORIGS,CCMCROS0,CRID+ORIGSLN,No,
CCMCRORIGS,CCMCROS1,CRID+BPSNUM,No,
CCMCRORIGS,CCMCROS2,CRID+SORTSEQ,Yes,
CCMIMPBOD,CCMBOD0,CRID+LINENO,No,
CCMIMPBOD,CCMBOD1,CRID+SORTSEQ,No,
CCMIMPBOH,CCMBOH0,CRID,No,
CCMIMPFOD,CCMIFOD0,CRID+LINENO,No,
CCMIMPFOD,CCMIFOD1,CRID+SORTSEQ,No,
CCMIMPFOH,CCMIFOH0,CRID,No,
CCMIMPITM,CCMITM0,CRID,No,
CCMIMPITMDET,CCMITD0,CRID+LINENO,No,
CCMIMPITMDET,CCMITD1,CRID+SORTSEQ,No,
CCMIMPMFGD,CCMMFGD0,CRID+LINENO,No,
CCMIMPMFGD,CCMMFGD1,CRID+SORTSEQ,Yes,
CCMIMPMFGH,CCMMFGH0,CRID,No,
CCMIMPPOD,CCMPOD0,CRID+LINENO,No,
CCMIMPPOD,CCMPOD1,CRID+SORTSEQ,No,
CCMIMPPOD,CCMPOD2,CRID+BPSNUM+POHNUM,Yes,
CCMIMPPOH,CCMPOH0,CRID,No,
CCMIMPPRD,CCMPRD0,CRID+LINENO,No,
CCMIMPPRD,CCMPRD2,CRID+SORTSEQ,No,
CCMIMPPRH,CCMPRH0,CRID,No,
CCMIMPROD,CCMROD0,CRID+LINENO,No,
CCMIMPROD,CCMROD1,CRID+SORTSEQ,No,
CCMIMPROH,CCMROH0,CRID,No,
CCMIMPSCD,CCMSCD,CRID+LINENO,No,
CCMIMPSCH,CCMSCH0,CRID,No,
CCMIMPSOD,CCMSOD0,CRID+LINENO,No,
CCMIMPSOD,CCMSOD1,CRID+SORTSEQ,No,
CCMIMPSOD,CCMSOD2,CRID+BPCORD+SOHNUM,Yes,
CCMIMPSOH,CCMSOH0,CRID,No,
CCMIMPSQD,CCMSQD0,CRID+LINENO,No,
CCMIMPSQD,CCMSQD1,CRID+SORTSEQ,No,
CCMIMPSQD,CCMSQD2,CRID+BPCORD+SQHNUM,Yes,
CCMIMPSQH,CCMSQH0,CRID,No,
CCMPLAND,CCMPD_0,CRID+LINENO,No,
CCMPLAND,CCMPD_1,CRID+SORTSEQ,Yes,
CCMPLANH,CCMPH_0,CRID,No,
CCMREJDSC,CCMCR0,CRID,No,
CCMVCREXC,CVE0,VCRTYP+VCRNUM+VCRLIN+VCRSEQ+ITMREF,No,
CCMVCREXC,CVE1,CCMRID+CCMSTA,Yes,
CCMVCREXC,CVE2,STOFCY+ITMREF,Yes,
CCNCOE,COE0,CPY+CCNACTCOD,No,
CCNRPR,RPR0,AASREF+FIYENDDAT+PERENDDAT,No,
CCNRPR,RPR7,FLGDEV+CPY+FIYENDDAT+PERENDDAT,Yes,
CDFCOD,CDC,REFCDF+VALOLDCOD,No,
CDFCPY,CDS,REFCDF+CPY,No,
CDFFCY,CDY,REFCDF+FCY,No,
CDFPAR,CDF0,REFCDF,No,
CDFPAR,CDF1,TABNAM+REFCDF,No,
CDFPAR,CDF2,TABNAM+REFCDF+CPYSRC+CPYDES,No,
CDIADSP,DAD0,LED+COD+LIN,No,
CDIADSP,DAD1,LED+COD,Yes,
CFGABQ,CAB0,ABQNUM+ABQLIN,No,
CFGABQ,CAB1,ABQNUM+ALPENDVAL+NUMENDVAL+DATENDVAL,Yes,
CFGABQ,CAB2,ABQNUM+ALPSTRVAL+NUMSTRVAL+DATSTRVAL+ALPSTRVALY+NUMSTRVALY+DATSTRVALY,Yes,
CFGDEF,CDF0,RECCOD+CODFIC+CODFLD+SCENUM,No,
CFGDEF,CDF1,RECCOD+CODFIC+SCENUM+CODFLD,No,
CFGHIS,CFH0,SCENUM+CFGVCRNUM+SYMNUM+SYMSEQ,No,
CFGHIS,CFH1,CFGVCRNUM+SCENUM+SYMNUM+SYMSEQ,No,
CFGHIS,CFH2,SCENUM+SYMSEQ+SYMNUM+CFGVCRNUM,No,
CFGHISHEA,CHH0,CFGVCRNUM,No,
CFGHISHEA,CHH1,SCENUM+CFGVCRNUM,No,
CFGHISHEA,CHH2,SCENUM+CFGBPRNUM+CFGBPRREF,Yes,
CFGLNK,CLN0,SYMTYPWUS+SYMNUMWUS+SYMTYP+SYMNUM,No,
CFGLNK,CLN1,SYMTYP+SYMNUM+SYMTYPWUS+SYMNUMWUS,No,
CFGMAC,CFM0,MACNUM+MACLIN,No,
CFGMAC,CFM1,SYMTYP+SYMNUM+MACNUM,Yes,
CFGMEMO,CME0,RECCOD+SCENUM+CREUSR+CFGBPRNUM+CFGBPRREF+QSTNUM+SELSEQ,No,
CFGMEMO,CME1,RECCOD+PRONUM+SCENUM+QSTNUM,Yes,
CFGMENLOC,CLE,LANCHP+LANNUM+LAN,No,
CFGOPTVAR,COV0,SELNUM+SELSEQ,No,
CFGQST,CQU0,QSTNUM,No,
CFGQST,CQU1,QSTORI+QSTTYP+QSTNUM,No,
CFGQST,CQU2,QSTLEN+QSTNUM,No,
CFGSCE,CSC0,SCENUM,No,
CFGSCELIN,CSL0,SCENUM+SCENUMTYP+SCENUMSEQ+SCENUMLIN,No,
CFGSCELIN,CSL1,SYMTYP+SYMNUM+SCENUM,Yes,
CFGSEL,CSE0,SELNUM,No,
CFGSHA,CSH0,SHACAT+SHANUM,No,
CFGTEX,CFT0,PRONUM+RECCOD+CODFIC+CODZON+CLE+CLE1,No,
CFODUDDATE,CFODD0,TYP+NUM+LIG+DUDLIG,No,
CFODUDDATE,CFODD1,FLGCLE+FCY+BPRPAY+CFODAT,Yes,
CFOMANMVT,CFOMM0,CFOTYP+NUM+CFOLIN,No,
CFOMANMVT,CFOMM1,BPRNUM+BAN,Yes,
CFOMANMVT,CFOMM2,BAN+BPRNUM,Yes,
CFOMANMVT,CFOMM3,CFOTYP+CFOSTA+CPY+FCY,Yes,
CFOTYP,CFOT0,CPY+FCY+CFOLIN,No,
CFOTYP,CFOT1,CPY+FCY+CFOTYP,No,
CHQBOK,CHB0,BAN+CHQFIRNUM,No,
CHQNUM,CHN0,BAN+CHQNUM,No,
CIGDEF,CIG0,CIGCOD,No,
CIGFXDSOR,CIB0,CIGCOD+CPYSRC+REFSELCIG+AASREF,No,
CIGFXDSOR,CIB1,CIGCOD,Yes,
CIGFXDSOR,CIB2,CIGCOD+CPYSRC+REFSELCIG,Yes,
CIGFXDSOR,CIB3,CIGCOD+CPYSRC+AASREF,Yes,
CIGFXDSOR,CIB4,AASREF,Yes,
CIGREX,CIR0,CIGCOD+CPYSRC+CPYDES,No,
CIGREX,CIR1,CIGCOD+CPYSRC,Yes,
CIGREX,CIR2,CIGCOD,Yes,
CIGREXSEL,CIS0,REFSELCIG,No,
CIGREXSEL,CIS1,REFSELCIG+CPYSRC,No,
CMARKETING,CMG0,NUM,No,
CMARKETING,CMG1,DATSTR,Yes,
COFAWRK,CAW0,SDHNUM+SDDLIN+LOT+COFAUID,No,
COMPANY,CPY0,CPY,No,
COMPANY,CPY1,LEG+CPY,Yes,
COMREP,COM0,REP+CPY+YEA+MON,No,
CONCESSION,CCN0,CCNREF,No,
CONCESSION,CCN1,CPY+CCNREF,No,
CONCESSION,CCN2,CPY+FCY+CCNREF,No,
CONTACT,CNT0,BPATYP+BPANUM+CCNCRM,No,
CONTACT,CNT1,CCNCRM+BPATYP+BPANUM,No,
CONTACT,CNT2,CCNCRM,Yes,
CONTACTCRM,AIN0,CNTNUM,No,
CONTACTCRM,AIN1,CNTFULNAM,Yes,
CONTACTCRM,AIN2,CNTTYP+CNTNUM,No,
CONTAINER,CTRH0,CTRNUM,No,
CONTAINERD,CTRD0,CTRNUM+CTRLIN,No,
CONTAINERD,CTRD1,POHNUM+POPLIN+POQSEQ,Yes,
CONTAINERD,CTRD2,CTRNUM+POHNUM+POPLIN+POQSEQ,No,
CONTAINERS,CTN0,CTN,No,
CONTAMT,CAM1,CONNUM+AMTRECNUMX,No,
CONTAMTX,CAX0,CONNUM+AMTRECNUMX+PRONUM,No,
CONTCARE,CCA0,CONNUM+TPL+CCANUM,No,
CONTCOV,CCV0,CONNUM+TPL+RECTYP+SBBRECTYP+RECNUM,Yes,
CONTCOV,CCV1,BPC+RECTYP+SBBRECTYP,Yes,
CONTCOV,CCV2,TPL+RECTYP+SBBRECTYP+CMT,Yes,
CONTEXT,CNX0,CPY+CNX,No,
CONTIDX,CIX0,IND,Yes,
CONTIDX,CIX1,IND+INDDAT,Yes,
CONTITM,CIT0,CONNUM+TPL+CONMACNUM,No,
CONTITM,CIT1,CONMACCOD,Yes,
CONTPBL,CPL0,CONNUM+TPL+PBLGRPCOV,No,
CONTQUAL,CQL0,CONNUM+TPL+GRALEV,No,
CONTREW,CRE1,CONNUM+REWRECNUMX,No,
CONTREWX,CRX0,CONNUM+REWRECNUMX+PRONUM,No,
CONTSERV,CON0,CONNUM,No,
CONTSERV,CON1,CONENDDAT,Yes,
CONTSERV,CON2,CONBPC,Yes,
CONTSERV,CON3,CONCCN,Yes,
CONTSERV,CON4,CONBPC+RSIFLG+FDDFLG,Yes,
CONTSERV,CON5,CONORI+CONORIVCR+CONORIVCRL,Yes,
CONTSERVX,COX0,CONNUM,No,
CONTTEMPL,COT0,CONNUM,No,
CORREP,COP0,COPREP+COPNUM,No,
CORRESPOND,COR0,CORNUM,No,
COSTSTCB,STCB0,STCNUM+STCLIN+STCLIM,No,
COSTSTCB,STCB1,STCNUM+STCLIN+MINLIM,No,
COSTSTCD,STCD0,VCRTYP+VCRNUM+VCRLIN+VCRSEQ+NUMSEQ,No,
COSTSTCD,STCD1,VCRTYP+VCRNUM+VCRLIN+FCSCOD,Yes,
COSTSTCF,STCF0,ITMREF+BPSNUM+STOFCY,No,
COSTSTCH,STCH0,STCNUM,No,
COSTSTCL,STCL0,STCNUM+STCLIN,No,
COSTSTCR,STCR0,NUM+PIDLIN,No,
COSTSTCR,STCR1,TYPORI+NUMORI+LINORI+SEQORI+FCSCOD+CREDATTIM,Yes,
CPTANALIN,CAL0,ABRFIC+VCRTYP+VCRNUM+VCRLIN+VCRSEQ+CPLCLE+ANALIG,No,
CPTFOOTLNK,CAL0,ABRFIC+VCRTYP+VCRNUM+VCRLIN+VCRSEQ+CPLCLE+ANALIG,No,
CRMCLOB,CRC0,CRCNUM,No,
CRMTRS,CTR0,CTRTYP+CTRNUM,No,
CRMTRS,CTR1,CTRNUM+CTRTYP,No,
CRMTRSVAL,CTV0,CTRTYP+CTRNUM,No,
CRMTRSVAL,CTV1,CTRNUM+CTRTYP,No,
CSFPARH,CWH0,CODANY,No,
CSFPARL,CWL0,CODANY+LIG,No,
CSFRES,CWR0,NUMRPT+CODANY+LIG+CPY+FCY,No,
CSFRESD,CSRD0,NUMRPT+NUMLIN+NUMLINDET,No,
CSFRESH,CSRH0,NUMRPT,No,
CSFRESL,CSRL0,NUMRPT+LIG+CPYLIN+FCYLIN+BPRNUM,No,
CSFRESL,CSRL1,NUMRPT+NUMLIN,No,
CTRLNIVW,CNW0,ITMREF+BOMALT+BOMALTTYP,No,
CUNLISDET,CUD0,CUNSSSNUM+CUNLISNUM+ITMLISNUM,No,
CUNLISDET,CUD1,STOFCY+ITMREF+CUNLISNUM,Yes,
CUNLISDET,CUD2,STOFCY+ITMREF+LOC,Yes,
CUNLISDET,CUD3,STOFCY+CUNSSSNUM+CUNLISNUM+ITMREF,Yes,
CUNLISTE,CUL0,CUNSSSNUM+CUNLISNUM,No,
CUNLISTE,CUL1,STOFCY+CUNSSSNUM+CUNLISNUM,No,
CUNSESSION,CUN0,CUNSSSNUM,No,
CUNSESSION,CUN1,STOFCY+CUNSSSNUM,No,
DADCPY,DCP0,CPY,No,
DADFCY,DFC0,FCY,No,
DATEVBPACC,DTB0,BPRNUM,No,
DATEVCHRONO,DTC0,ID,No,
DATEVGLACC,DTA0,COA+ACC,No,
DATEVTAX,DTT0,LEG+TAX,No,
DCLCUSVATBE,DLCB0,CPY+NUMRPT+BPR+EECNUM,No,
DCLCUSVATBED,DLCBD0,CPY+NUMRPT+BPR+EECNUM+TYP+NUM+LIN,No,
DCLEECVATBE,DLEB0,CPY+NUMRPT+BPR+EECNUM+OPECOD,No,
DCLEECVATBED,DLEBD0,CPY+NUMRPT+BPR+EECNUM+OPECOD+TYP+NUM+LIN,No,
DCLVAT,DLV0,CPY+FCY+STRDAT+VAT+ACC+NUMRPT,No,
DCLVATBEL,DLVB0,GRPCPY+CPY+NUMRPT+VATBOX,No,
DCLVATBELD,DLVBD0,CPY+FCY+STRDAT+ACC+VATBOX+NUMRPT+TYP+NUM+LIN,No,
DCLVATBELD,DLVBD1,CPY+NUMRPT,Yes,
DCLVATITA,DVI0,CPY+FCY+VATTYP+ACCDAT+NUM+VATRAT+VAT+DEDRAT,No,
DCLVATITA,DVI1,FIY+PER+VAT+VATRAT+DEDRAT,Yes,
DCLVATITA2,DV20,CPY+FCY+REGIVA+REGTYP+VAT+FIY+PER,No,
DCLVATITA3,DV30,CPY+FCY+FIY+PER,No,
DCLVATPAY,DVP0,CPY+FCY+STRDAT+ACC+BPR+MTC+VATRAT+ACCNUM,Yes,
DCLVATPAY,DVP1,ACC+BPR+MTC+VATRAT+ACCNUM+NUMRPT,No,
DCLVATPORB,DVPB0,DCLNUM+RECTYP+NUM+LIN+DCLFLD+DCLPAG,No,
DCLVATPORB,DVPB1,DCLNUM+DCLFLD+EECNUM,Yes,
DCLVATPORB,DVPB2,DCLNUM+EECNUM,Yes,
DCLVATPORB,DVPB3,DCLNUM+DCLFLD+EXPIMPVCR+EECNUM,Yes,
DCLVATPORF,DVPF0,DCLNUM+DCLPAG+DCLFLD,No,
DCLVATPORH,DVPH0,DCLNUM,No,
DCLVATPORL,DVPL0,DCLNUM+LINTYP+LSTLIN,No,
DCLVATPORP,DVPP0,CPY+YEA,No,
DCLVATPORT,DVPT0,DCLTYP+DCLPAG+DCLFLD+CPY+VAT,No,
DCLVATSPA,DVS0,TAXTYP+TYP+NUM+VAT+REGTYP,No,
DCLVATSPA,DVS1,CRN,Yes,
DCLVATSPA,DVS2,EECNUM,Yes,
DCLVATSPA,DVS3,TAXTYP+DCLDAT,Yes,
DCLVATSPA,DVS4,INDLNK,Yes,
DCLVATSPA,DVS5,TAXTYP+CRN+TYP+NUM,Yes,
DCLVATSPA,DVS6,COD347+CRN,Yes,
DCLVATSPA,DVS7,ACCNUM,Yes,
DEB,DEB0,CPY+DEBDAT+FLO+VCRTYP+VCRNUM+VCRLIN,No,
DEB,DEB1,CPY+VCRTYP+VCRNUM+VCRLIN+FLO,Yes,
DEB,DEB2,CPY+DEBDAT+FLO+DEBLIN,No,
DEBPAR,DER0,EECNUMDEB,No,
DEBREGNAT,DRN0,LEG+CRY+GRP+MVT,No,
DEFVAL,DVA0,OBC+PARAM,No,
DEPREC,DEP0,AASREF+DPRPLN+FIYENDDAT+PERENDDAT,No,
DEPREC,DEP2,DPM+CPY,Yes,
DEPREC,DEP3,CPY+DPRPLN+AASREF+FIYENDDAT+PERENDDAT,No,
DEPREC,DEP5,AASREF+DPRPLN+FIYENDDAT+PERSTRDAT,No,
DEPREC,DEP6,DEPSTA+CPY+CNX+FIYENDDAT+PERENDDAT,Yes,
DEPREC,DEP7,FLGDEV+CPY+CNX+FIYENDDAT+PERENDDAT+DPRPLN,Yes,
DEPREC,DEP8,CPY+FLGLNKDEV+CNX+FIYENDDAT+PERENDDAT,Yes,LNK
DEPREC,DEP9,CPY+DPRPLN+FLGPSTLNK+FIYENDDAT+PERENDDAT,Yes,LNK
DEPREC,DEPA,CPY+DPRPLN+PERSTRDAT+PERENDDAT+FLGDEV,Yes,
DEPRECARC,DEP0,AASREF+DPRPLN+EVT+TIMSTP+FIYENDDAT+PERENDDAT,No,
DEPSIMU,DPS0,AASREF+DPRPLN+FIYENDDAT+PERSTRDAT,No,
DEPSIMU,DPS1,CPY+CNX,Yes,
DIAHOU,DIH0,NUM,No,
DIETRS,DTR0,ABRFIC+DTRTYP+DTRNUM+DTRTNU+DTRLIN,No,
DIETRS,DTR1,ABRFIC+DTRTYP+DTRNUM+DTRTNU+DIE,No,
DIETRSXX,DTR0,ABRFIC+DTRTYP+DTRNUM+DTRTNU+DTRLIN,No,
DKSDATA,DKD0,KEYCODE+DOCTYP+DOCNUM,No,
DKSDATA,DKD1,KEYCODE+DKSDOCNUM,Yes,
DKSDATAFRA,DKF0,KEYCODE+ORIDOC+DOCTYP+DOCNUM+LIN,No,
DKSJAV,DKJ0,KEYCODE,No,
DKSKEY,DKK0,KEYCODE+KEYVER,No,
DKSLOG,DKL0,KEYCODE+DOCTYP+DOCNUM,No,
DOOBPCINT,DBI0,BPCNUM,No,
DOOBPCLNK,DBL0,DOONUM+BPCNUM,No,
DOOBPCLNK,DBL1,DOONUM,Yes,
DOOBPCLNK,DBL2,BPCNUM,Yes,
DPRMOD,DPM0,DPM+CPY,No,
DPRMOD,DPM1,STDDPMNUM,Yes,
DPRMOD,DPM2,DPRMODTYP+CPY+DPM,No,
DPRMOD,DPM3,STDDPM,No,
DPRMODOPT,DMO0,STDDPM+CPY+NUMDPM,No,
DPRMODRAT,DMR0,DPM+CPY+NUM,No,
DUDLNK,DLN0,NUM,No,
DUDLNK,DLN1,NUMDUD1+NUMDUD2,Yes,
DUDLNK,DLN2,NUMDUD2,Yes,
ECCNEND,EVE0,REF+TIMSTP,No,
ECCNEND,EVE1,REF+TIMSTPO+TIMSTP,No,
ECCNEND,EVE2,CPTFLG+DPRPLN+CPY+FCY+REF,Yes,
ECCNREV,EVE0,REF+TIMSTP,No,
ECCNREV,EVE1,REF+TIMSTPO+TIMSTP,No,
ECCNREV,EVE2,CPTFLG+DPRPLN+CPY+FCY+REF,Yes,
ECCSTA,ECS0,ITMREF+ECCVALMAJ,No,
ECCSTA,ECS1,ITMREF+ECCSTA-ECCVALMAJ,No,
ECCVAL,EVL1,ITMREF+ECCVALMAJ+ECCVALMIN+ECCTYP,No,
ECCVAL,EVL0,ITMREF+ECCSEQ+ECCTYP,No,
EDIBPRCPY,EBC0,BPRNUM+CPY+PARCOD,No,
EDIBPRCPYD,EBCD0,BPRNUM+CPY+PARCOD+NUMLIN,No,
EDIBPRCPYD,EBCD1,BPRNUM+CPY+PARCOD+SORT,No,
EDIBPRCPYD,EBCD2,BPRNUM+CPY+PARCOD+CATTYP+CATACT,No,
EDIBPRCPYD,EBCD3,BPRNUM+CPY+PARCOD+CATCOD+CATACT,No,
EDIBPRPAR,EBP0,BPATYP+BPANUM+BPAADD+PARCOD,No,
EDIBPRPAR,EBP1,PARCOD+BPATYP+BPANUM+BPAADD,No,
EDICAT,ECA0,CATCOD,No,
EDICATD,ECAD0,CATCOD+NUMLIN,No,
EDICATD,ECAD1,CATCOD+SORT,No,
EDICATK,ECAK0,CATCOD+NUMLIN,No,
EDICATK,ECAK1,CATCOD+SORT,No,
EDICATK,ECAK2,CATCOD+CODE,No,
EDICATL,ECAL0,CATCOD+NUMLIN,No,
EDICATL,ECAL1,CATCOD+SORT,No,
EDICATL,ECAL2,CATCOD+CODE,No,
EDICPYPAR,ECP0,CPY+PARCOD,No,
EDIFCYPAR,EFP0,FCY+PARCOD,No,
EDIFLO,EFL0,FLOCOD+FLOREL,No,
EDIFLOD,EFLD0,FLOCOD+FLOREL+NUMLIN,No,
EDIFLOD,EFLD1,FLOCOD+FLOREL+SORT,Yes,
EDIFRM,EDM0,MES+BAN+GRP+OCC+ORDNUM+SEG+SEGOCC+LIG,No,
EDIMSG,EMS0,MSGCOD+MSGREL,No,
EDIMSGA,EMSA0,MSGCOD+MSGREL+NUMLIN,No,
EDIMSGA,EMSA1,MSGCOD+MSGREL+SORT,No,
EDIMSGA,EMSA2,MSGCOD+MSGREL+CODE,No,
EDIMSGD,EMSD0,MSGCOD+MSGREL+NUMLIN,No,
EDIMSGD,EMSD1,MSGCOD+MSGREL+SORT,Yes,
EDIPAR,EDP0,MES+BAN+GRP+ORDNUM,No,
EDIPARTNER,EPR0,PARCOD,No,
EDIPARTNERD,EPRD0,PARCOD+NUMLIN,No,
EDIPARTNERD,EPRD1,PARCOD+SORT,No,
EDIPARTNERD,EPRD2,PARCOD+CATCOD+CATACT,No,
EDIPARTNERD,EPRD3,PARCOD+CATTYP,Yes,
EDIPTC,EPT0,PTCCOD,No,
EDIPTCD,EPTD0,PTCCOD+NUMLIN,No,
EDIPTCD,EPTD1,PTCCOD+SORT,Yes,
EDIRUN,EDR0,NUM,No,
EDIRUND,EDRD0,NUM+NUMLIN,No,
EDIRUND,EDRD1,NUM+SORT,No,
EDISEG,EDS0,SEG+LIG,No,
EDISEQFIL,ESF0,MSGCOD+MSGREL+MSGFILNOR,No,
EDISEQFILD,ESFD0,MSGCOD+MSGREL+MSGFILNOR+NUMLIN,No,
EDISEQFILD,ESFD1,MSGCOD+MSGREL+MSGFILNOR+SORT,Yes,
EDISEQFILF,ESFF0,MSGCOD+MSGREL+MSGFILNOR+NUMLIN,No,
EDISEQFILF,ESFF1,MSGCOD+MSGREL+MSGFILNOR+SORT,Yes,
EDISTO,EST0,NUMBATCH+KEYDOC,No,
EDISTOC,ESTC0,NUMBATCH+KEYDOC+NUMLIN,No,
EDISTOE,ESTE0,NUMBATCH+KEYDOC+NUMLIN,No,
EDISTOE,ESTE1,NUMBATCH+KEYDOC+SORT,Yes,
EDISTOF,ESTF0,NUMBATCH+KEYDOC+FLOCOD+FLOREL+NUMLIN,No,
EDISTOF,ESTF1,NUMBATCH+KEYDOC+FLOCOD+FLOREL+SORT,Yes,
EDISTOJ,ESTJ0,NUMBATCH+KEYDOC+NUMLIN,No,
EDISTOJ,ESTJ1,NUMBATCH+KEYDOC+SORT,Yes,
EDISTOU,ESTU0,NUMBATCH+KEYDOC+NUMLIN,No,
EDISTOU,ESTU1,NUMBATCH+KEYDOC+SORT,Yes,
EDISTOU,ESTU2,NUMBATCH+KEYDOC+CODE,No,
EDITMPDOC,ETC0,NUMBATCH+DOCID,No,EDIX3
EDITMPDOC,ETC1,NUMBATCH+FLOCOD+FLOREL,Yes,
EDITMPLOG,EDL0,NUMBATCH+DOCID+CATTYP+SORT,No,
EDITMPLOG,EDL1,NUMBATCH,Yes,
EDITMPLOG,EDL2,DOCID,Yes,
EDITMPLOG,EDL3,NUMBATCH+DOCID+CATTYP+FLOSTP+SORT,No,
EDITRBK,EBK0,BAN+CHK+NUMLIN,No,
EDITRBK,EBK1,BAN+NUMLIN,No,
EDITRKDOC,EDK0,DOCID+CATTYP+NUMLIN,No,
EDITRKDOC,EDK1,FLOCOD+FLOREL+CPY+FCY+BPRNUM+BPAADD,Yes,
EDITRKDOC,EDK2,DOCID+CATTYP+FLOCOD+FLOREL,Yes,
EDITRKDOC,EDK3,FLOCOD+FLOREL+DOCID,Yes,
EDTDADSU,EDU0,REFSND,Yes,
EDTDADSU,EDU1,REFSND+NUMLIN,No,
EDTDADSU,EDU2,GRP,Yes,
EDTTDS,ETD0,SIREN+CRN+RECTYP+NUMLIN+NUM,No,
EFASACT,EVE0,REF+TIMSTP,No,
EFASACT,EVE1,REF+TIMSTPO+TIMSTP,No,
EFASACT,EVE2,CPTFLG+DPRPLN+CPY+FCY+REF,Yes,
EFASAFFAGE,EVE0,REF+TIMSTP,No,
EFASAFFAGE,EVE1,REF+TIMSTPO+TIMSTP,No,
EFASAFFAGE,EVE2,CPTFLG+DPRPLN+CPY+FCY+REF,Yes,
EFASCCN,EVE0,REF+TIMSTP,No,
EFASCCN,EVE1,REF+TIMSTPO+TIMSTP,No,
EFASCCN,EVE2,CPTFLG+DPRPLN+CPY+FCY+REF,Yes,
EFASCCNAGE,EVE0,REF+TIMSTP,No,
EFASCCNAGE,EVE1,REF+TIMSTPO+TIMSTP,No,
EFASCCNAGE,EVE2,CPTFLG+DPRPLN+CPY+FCY+REF,Yes,
EFASCCNCNL,EVE0,REF+TIMSTP,No,
EFASCCNCNL,EVE1,REF+TIMSTPO+TIMSTP,No,
EFASCCNCNL,EVE2,CPTFLG+DPRPLN+CPY+FCY+REF,Yes,
EFASCCNISS,EVE0,REF+TIMSTP,No,
EFASCCNISS,EVE1,REF+TIMSTPO+TIMSTP,No,
EFASCCNISS,EVE2,CPTFLG+DPRPLN+CPY+FCY+REF,Yes,
EFASCFS,EVE0,REF+TIMSTP,No,
EFASCFS,EVE1,REF+TIMSTPO+TIMSTP,No,
EFASCFS,EVE2,CPTFLG+DPRPLN+CPY+FCY+REF,Yes,
EFASCHGIMP,EVE0,REF+TIMSTP,No,
EFASCHGIMP,EVE1,REF+TIMSTPO+TIMSTP,No,
EFASCHGIMP,EVE2,CPTFLG+DPRPLN+CPY+FCY+REF,Yes,
EFASCHGPPL,EVE0,REF+TIMSTP,No,
EFASCHGPPL,EVE1,REF+TIMSTPO+TIMSTP,No,
EFASCHGPPL,EVE2,CPTFLG+DPRPLN+CPY+FCY+REF,Yes,
EFASCNL,EVE0,REF+TIMSTP,No,
EFASCNL,EVE1,REF+TIMSTPO+TIMSTP,No,
EFASCNL,EVE2,CPTFLG+DPRPLN+CPY+FCY+REF,Yes,
EFASCRT,EVE0,REF+TIMSTP,No,
EFASCRT,EVE1,REF+TIMSTPO+TIMSTP,No,
EFASCRT,EVE2,CPTFLG+DPRPLN+CPY+FCY+REF,Yes,
EFASIML,EVE0,REF+TIMSTP,No,
EFASIML,EVE1,REF+TIMSTPO+TIMSTP,No,
EFASIML,EVE2,CPTFLG+DPRPLN+CPY+FCY+REF,Yes,
EFASISS,EVE0,REF+TIMSTP,No,
EFASISS,EVE1,REF+TIMSTPO+TIMSTP,No,
EFASISS,EVE2,CPTFLG+DPRPLN+CPY+FCY+REF,Yes,
EFASLNKCNL,EVE0,REF+TIMSTP,No,
EFASLNKCNL,EVE1,REF+TIMSTPO+TIMSTP,No,
EFASLNKCNL,EVE2,CPTFLG+DPRPLN+CPY+FCY+REF,Yes,
EFASMTC,EVE0,REF+TIMSTP,No,
EFASMTC,EVE1,REF+TIMSTPO+TIMSTP,No,
EFASMTC,EVE2,CPTFLG+DPRPLN+CPY+FCY+REF,Yes,
EFASPLMDR,EVE0,REF+TIMSTP,No,
EFASPLMDR,EVE1,REF+TIMSTPO+TIMSTP,No,
EFASPLMDR,EVE2,CPTFLG+DPRPLN+CPY+FCY+REF,Yes,
EFASREEVAL,EVE0,REF+TIMSTP,No,
EFASREEVAL,EVE1,REF+TIMSTPO+TIMSTP,No,
EFASREEVAL,EVE2,CPTFLG+DPRPLN+CPY+FCY+REF,Yes,
EFASRNW,EVE0,REF+TIMSTP,No,
EFASRNW,EVE1,REF+TIMSTPO+TIMSTP,No,
EFASRNW,EVE2,CPTFLG+DPRPLN+CPY+FCY+REF,Yes,
EFASRNWCNL,EVE0,REF+TIMSTP,No,
EFASRNWCNL,EVE1,REF+TIMSTPO+TIMSTP,No,
EFASRNWCNL,EVE2,CPTFLG+DPRPLN+CPY+FCY+REF,Yes,
EFASRUCRT,EVE0,REF+TIMSTP,No,
EFASRUCRT,EVE1,REF+TIMSTPO+TIMSTP,No,
EFASRUCRT,EVE2,CPTFLG+DPRPLN+CPY+FCY+REF,Yes,
EFASRURST,EVE0,REF+TIMSTP,No,
EFASRURST,EVE1,REF+TIMSTPO+TIMSTP,No,
EFASRURST,EVE2,CPTFLG+DPRPLN+CPY+FCY+REF,Yes,
EFASRUSTP,EVE0,REF+TIMSTP,No,
EFASRUSTP,EVE1,REF+TIMSTPO+TIMSTP,No,
EFASRUSTP,EVE2,CPTFLG+DPRPLN+CPY+FCY+REF,Yes,
EFASVATREG,EVE0,REF+TIMSTP,No,
EFASVATREG,EVE1,REF+TIMSTPO+TIMSTP,No,
EFASVATREG,EVE2,CPTFLG+DPRPLN+CPY+FCY+REF,Yes,
EGRTCASH,EVE0,REF+TIMSTP,No,
EGRTCASH,EVE1,REF+TIMSTPO+TIMSTP,No,
EGRTCASH,EVE2,CPTFLG+DPRPLN+CPY+FCY+REF,Yes,
EGRTCNL,EVE0,REF+TIMSTP,No,
EGRTCNL,EVE1,REF+TIMSTPO+TIMSTP,No,
EGRTCNL,EVE2,CPTFLG+DPRPLN+CPY+FCY+REF,Yes,
EGRTCRB,EVE0,REF+TIMSTP,No,
EGRTCRB,EVE1,REF+TIMSTPO+TIMSTP,No,
EGRTCRB,EVE2,CPTFLG+DPRPLN+CPY+FCY+REF,Yes,
EGRTCRT,EVE0,REF+TIMSTP,No,
EGRTCRT,EVE1,REF+TIMSTPO+TIMSTP,No,
EGRTCRT,EVE2,CPTFLG+DPRPLN+CPY+FCY+REF,Yes,
ELEAACTU,EVE0,REF+TIMSTP,No,
ELEAACTU,EVE1,REF+TIMSTPO+TIMSTP,No,
ELEAACTU,EVE2,CPTFLG+DPRPLN+CPY+FCY+REF,Yes,
ELEACNL,EVE0,REF+TIMSTP,No,
ELEACNL,EVE1,REF+TIMSTPO+TIMSTP,No,
ELEACNL,EVE2,CPTFLG+DPRPLN+CPY+FCY+REF,Yes,
ELEACRT,EVE0,REF+TIMSTP,No,
ELEACRT,EVE1,REF+TIMSTPO+TIMSTP,No,
ELEACRT,EVE2,CPTFLG+DPRPLN+CPY+FCY+REF,Yes,
ELEAEND,EVE0,REF+TIMSTP,No,
ELEAEND,EVE1,REF+TIMSTPO+TIMSTP,No,
ELEAEND,EVE2,CPTFLG+DPRPLN+CPY+FCY+REF,Yes,
ELEAPAY,EVE0,REF+TIMSTP,No,
ELEAPAY,EVE1,REF+TIMSTPO+TIMSTP,No,
ELEAPAY,EVE2,CPTFLG+DPRPLN+FSTMTHDAT+CPY+FCY+REF,Yes,
ELEARPU,EVE0,REF+TIMSTP,No,
ELEARPU,EVE1,REF+TIMSTPO+TIMSTP,No,
ELEARPU,EVE2,CPTFLG+DPRPLN+CPY+FCY+REF,Yes,
ELEATRM,EVE0,REF+TIMSTP,No,
ELEATRM,EVE1,REF+TIMSTPO+TIMSTP,No,
ELEATRM,EVE2,CPTFLG+DPRPLN+CPY+FCY+REF,Yes,
ELOFCIM,EVE0,REF+TIMSTP,No,
ELOFCIM,EVE1,REF+TIMSTPO+TIMSTP,No,
ELOFCIM,EVE2,CPTFLG+DPRPLN+CPY+FCY+REF,Yes,
ELOFCNL,EVE0,REF+TIMSTP,No,
ELOFCNL,EVE1,REF+TIMSTPO+TIMSTP,No,
ELOFCNL,EVE2,CPTFLG+DPRPLN+CPY+FCY+REF,Yes,
ELOFVATREG,EVE0,REF+TIMSTP,No,
ELOFVATREG,EVE1,REF+TIMSTPO+TIMSTP,No,
ELOFVATREG,EVE2,CPTFLG+DPRPLN+CPY+FCY+REF,Yes,
EMODELE,EVE0,REF+TIMSTP,No,
EMODELE,EVE1,REF+TIMSTPO+TIMSTP,No,
EMODELE,EVE2,CPTFLG+DPRPLN+CPY+FCY+REF,Yes,
ENTITE,ENT0,ENT,No,
ENVELOPPE,ENV0,ENV,No,
ENVFIY,ENF0,ENV+FIYNUM,No,
ENVFIY,ENF1,ENV,Yes,
EPHYAFFGEO,EVE0,REF+TIMSTP,No,
EPHYAFFGEO,EVE1,REF+TIMSTPO+TIMSTP,No,
EPHYAFFGEO,EVE2,CPTFLG+DPRPLN+CPY+FCY+REF,Yes,
EPHYAFFGEO,EVE3,REF+EVTDAT,Yes,
EPHYCRT,EVE0,REF+TIMSTP,No,
EPHYCRT,EVE1,REF+TIMSTPO+TIMSTP,No,
EPHYCRT,EVE2,CPTFLG+DPRPLN+CPY+FCY+REF,Yes,
EPHYISS,EVE0,REF+TIMSTP,No,
EPHYISS,EVE1,REF+TIMSTPO+TIMSTP,No,
EPHYISS,EVE2,CPTFLG+DPRPLN+CPY+FCY+REF,Yes,
ESCSRE,ECE0,ESCCOD,No,
ESCSRE,ECE1,SRENUM+ESCDAT,Yes,
ESCSRE,ECE2,SREASS+SREDET,Yes,
EURSRVDCL,ESH0,CPY+ENDDAT+BPR+EECNUM,No,
EURSRVDCL,ESH1,CPY+STRDAT+ENDDAT+EECNUM+BPR,No,
EURSRVDCLD,ESD0,CPY+ENDDAT+BPR+EECNUM+ACCNUM,No,
EVEFAS,,,,
EVEGRT,,,,
EVELEA,,,,
EVELOF,,,,
EVENTTRNP,EVT0,TRNNUM+EVTNUM,No,
EXKWORD,EKW0,KEYWRD,No,
EXPARAM,EXM0,AXI+INDPF,No,
EXPENSES,EXS0,CLB+DATEXS+NBREXS,No,
EXPENSES,EXS1,ACCNUM,No,
EXPENSES,EXS2,CPY+CUR+FCY+DATEXS,Yes,
EXPENSES,EXS3,VCRTYP+VCRNUM+ACCNUM,No,
EXPENSESH,EXH0,CLB,No,
FACGROUP,FGR0,CPY+FCY,No,
FACGROUP,FGR1,FCY+CPY,No,
FACILITY,FCY0,FCY,No,
FACILITY,FCY1,LEGCPY+FCY,No,
FACTOR,FCT0,FCTCOD,No,
FACTOR,FCT1,FCTNAM,Yes,
FAEPAR,FAE0,IDT,No,
FAMPB,PBL0,NUM,No,
FAMPB,PBL1,NUM+PAEGRPNUM,No,
FAMPB,PBL2,SUT,Yes,
FAMPBQUE,PBQ0,GRPPBLNUM,Yes,
FAMPBQUE,PBQ1,QUENUM,Yes,
FAMPBQUE,PBQ2,GRPPBLNUM+QUENUM,No,
FAMPBREP,PBR2,GRPPBLNUM,Yes,
FAMPBREP,PBR1,REPNUM,Yes,
FAMPBREP,PBR0,GRPPBLNUM+REPNUM,No,
FASFAM,FAM0,FAMREF,No,
FIEDIC,FID0,CRITAB+CAT,No,
FIEDICFIE,FDF0,CRITAB+SELCRIFIE+CAT,No,
FILTDS,FTD0,GRP+NUMREC,No,
FILTDS,FTD1,GRP,Yes,
FISCALYEAR,FIY0,CPY+LEDTYP+FIYNUM,No,
FISCALYEAR,FIY1,CPY+LEDTYP,Yes,
FISCYEAR,FIY0,CPY+CNX+DATSTRFIY,No,
FISCYEAR,FIY1,CPY+CNX+STAFIY,Yes,
FISCYEAR,FIY2,CPY+CNX+DATENDFIY,No,
FRECST,FCS0,FCSCOD,No,
FREFLD,FRF0,OBJ+CPY,No,
FRTCLS,FRT0,FRTCLS+LEG,No,
FRTCLS,FRT1,LEG+FRTCLS,No,
FRTCOMCOD,FCC0,COMTYP+COMCOD,No,
FRTCOMCOD,FCC1,COMCOD+COMTYP,No,
FRTCOMCOD,FCC3,COMCOD,Yes,
FUP,FUP0,NUMEDT+LAN+TRI+GRPCRI,Yes,
FUP,FUP1,NUMEDT+LAN+GRPCRI+LEVFUP,Yes,
FUP,FUP2,TYP+NUM+LIG,Yes,
FUP,FUP3,FUPMOD,Yes,
FUP,FUP4,BPRFUP+ADD+FCY,Yes,
FUP,FUP5,NUMEDT+ACCNUM+DUDLIG+NUMCOP,No,
FUP,FUP6,NUMEDT+GRPCRI,Yes,
FUP,FUP7,DST,Yes,
FUPGRP,FGP0,GRP,No,
FUPTXT,FPT0,LAN+GRP+TYPTXT+LEVFUP,No,
FXBLOB,ABB0,CODBLB+IDENT1+IDENT2+IDENT3,No,
FXDASSETS,FAS0,AASREF,No,
FXDASSETS,FAS1,CPY+AASREF,No,
FXDASSETS,FAS2,CPY+FCY+AASREF,No,
FXDASSETS,FAS3,SET,Yes,
FXDASSETS,FAS5,CMP,Yes,
FXDASSETS,FAS4,PROPLN+AASREF,Yes,
FXDASSETS,FAS7,CPY+ENAFAS,Yes,
FXDASSETS,FAS8,CCNREF+RNWDAT+AASREF,No,CCN
FXDASSETS,FAS9,CCNACTCOD+CPY+AASREF,No,CCN
FXDASSETS,FAS10,KPSEPLN+CPY+AASREF,No,PSE
FXDASSETS,FAS11,CMPSTA+AASREF,No,
FXDASSETS,FAS12,LEAREF,Yes,LEA
FXDLIFL,FLU0,AASREF+DPRPLN+TYP+FIYSTRDAT+PERSTRDAT+TXSCAT+FCY,No,
FXDLIFL,FLU1,CODTXS+TXSCAT,Yes,
FXDLIFL,FLU2,CPY+CNX+FLGSTATXS+FIYSTRDAT,Yes,
FXDLOFGRP,LFG0,GRPREF,No,
FXDLOFGRP,LFG1,CPY+GRPREF,No,
FXDMVT,FXM0,IDMVT,No,
FXDMVT,FXM1,OBJMVT+REF1MVT+REF2MVT+SEQMVT+TYPMVT,No,
FXDMVT,FXM2,OBJMVT+TYPMVT+REF1MVT+REF2MVT+SEQMVT,Yes,
FXDMVTD,FXD0,IDMVT+CODZONE+DIME+DPRPLN,No,
GACCAUZ,GCA0,COA+ACCDEB+ACCCDT,No,
GACCCLS,CLS0,LEG+CLSCOD,No,
GACCCODE,CAC0,TYP+ACCCOD+COA,No,
GACCCODE,CAC1,TYP+ACCCOD,Yes,
GACCCODE,CAC2,COA+TYP+ACCCOD,No,
GACCCODLIG,CCL0,TYP+NUMLIG,No,
GACCDEF,GCF0,COAORI+COADEN+COASTR,No,
GACCDENCOD,CDA0,COD+LEG,No,
GACCDIM,GCD0,COA+LIN,No,
GACCDUDATE,DUD0,TYP+NUM+LIG+DUDLIG,No,
GACCDUDATE,DUD1,ACCNUM+DUDLIG,No,
GACCDUDATE,DUD2,SOINUM+ACCNUM+DUDLIG,No,
GACCDUDATE,DUD3,FLGCLE+FCY+BPRPAY+DUDDAT,Yes,
GACCDUDATE,DUD4,BPR+SOINUM+ACCNUM+DUDLIG,No,
GACCDUDATE,DUD5,BPRPAY+SOINUM+ACCNUM+DUDLIG,No,
GACCDUDATE,DUD6,FLGCLE+ACCNUM+DUDLIG,No,
GACCDUDATE,DUD7,BPRPAY+BPR+NUMDUD,No,
GACCDUDATE,DUD8,NUMDUD,No,
GACCDUDATE,DUD9,BPR+BPAPAY+NUMDUD,No,
GACCENTRY,HAE0,TYP+NUM,No,
GACCENTRY,HAE1,JOU+ACCDAT+TYP+NUM,No,
GACCENTRY,HAE2,REFSIM+TYP+NUM,No,
GACCENTRY,HAE3,DACDIA+TYP-NUM,No,
GACCENTRY,HAE4,ACCDAT+TYP+NUM,No,KIT
GACCENTRY,HAE5,REFINT,Yes,KIT
GACCENTRYA,DAA0,TYP+NUM+LIN+LEDTYP+ANALIN,No,
GACCENTRYA,DAA1,CPY+FCYLIN+COA+ACC+BPR+ACCDAT+ACCNUM+ANALIN,No,
GACCENTRYA,DAA2,TYP+NUM+LIN+ANALIN+LEDTYP,No,
GACCENTRYA,DAA3,ACCNUMDOE+ACCNUM+ANALIN+CPY+FCYLIN+ACCDAT,No,KRU
GACCENTRYD,DAE0,TYP+NUM+LIN+LEDTYP,No,
GACCENTRYD,DAE1,CPY+FCYLIN+LEDTYP+ACC+BPR+ACCDAT+ACCNUM,No,
GACCENTRYD,DAE2,ACCNUM,No,
GACCENTRYD,DAE3,LEDTYP+ACC+BPR+CPY+ACCDAT+ACCNUM,No,
GACCENTRYD,DAE4,LEDTYP+BPR+CPY+ACCDAT+ACCNUM,No,
GACCENTRYD,DAE5,CPY+FCYLIN+LEDTYP+BPR+ACCDAT+ACCNUM,No,
GACCENTRYD,DAE6,LEDTYP+ACC+BPR+MTC+TYP+NUM+LIN+ACCNUM,No,
GACCENTRYD,DAE7,TYP+NUM+IDTLIN+LEDTYP+LIN,No,
GACCFIX,GAF0,COD,No,
GACCFIYENA,FYA0,CUR+CPY+LEDTYP+FCY+GRP+ACC+BPR+LIG+ANALIG,No,
GACCFIYENA,FYA1,FCY+CPY+LEDTYP+CUR+GRP+ACC+BPR+LIG+ANALIG,No,
GACCFIYEND,FYD0,CUR+CPY+LEDTYP+FCY+GRP+ACC+BPR+LIG,No,
GACCFIYEND,FYD1,FCY+CPY+LEDTYP+CUR+GRP+ACC+BPR+LIG,No,
GACCGRUPYM,GRY0,PYM+GRU+LIN,No,
GACCGRUPYM,GRY1,PYM+LEV+GRU+LIN,No,
GACCGRUPYM,GRY2,PYM+SBBGRU,Yes,
GACCGRUPYM,GRY4,PYM+GRU,Yes,
GACCGRUPYM,GRY5,PYM+ACC,Yes,
GACCINTCPY,GIC0,NUM,No,
GACCINTCPYA,GIA0,NUM+LIN+ANALIN,No,
GACCINTCPYD,GID0,NUM+LIN,No,
GACCOUNT,GAC0,COA+ACC,No,
GACCOUNT,GAC1,COA+ACCSHO,Yes,
GACCPYM,GYM0,PYM,No,
GACCPYM,GYM1,COA+PYM,No,
GACCPYMLIK,GYK0,PYM+LEV+ACC,No,
GACCPYMPRT,GYP0,COA+PYM+ACC,No,
GACCTMP,HAT0,TYP+NUM,No,
GACCTMP,HAT1,NUMPCE,Yes,
GACCTMPA,AAT0,TYP+NUM+LIN+LEDTYP+ANALIN,No,
GACCTMPD,DAT0,TYP+NUM+LIN+LEDTYP,No,
GACCTMPD,DAT1,ACCNUM,No,
GACCTMPD,DAT2,CODAUTACE+LEDTYP+CRIMTC+ACCNUM,No,
GACCTMPD,DAT3,TYP+NUM+IDTLIN+LEDTYP+LIN,No,
GACM,GCM0,GCM,No,
GAJOUSTA,JST0,CPY+JOU,No,
GAPARBSE,PBS0,COA+NUMCOD+ACCSTR,No,
GAPARDUM,PDM0,COA+COD+NUMLIN,No,
GAPARDUM,PDM1,COA+COD,Yes,
GAUTACE,GAU0,COD,No,
GAUTACED,GAD0,COD+LINNUM,No,
GAUTACEF,GAG0,COD+LINNUM+FLD,No,
GAUTRCTMP,GTT0,VCRNUM+LIN+LINCODACE+NUMORD,No,
GAUTRCTMP,GTT1,CODACE+VCRNUM+UIDUSR+LIN+SUMKEY+NUMORD,No,
GAUTRCTMP,GTT2,UIDUSR,Yes,
GAUTRCVCR,GAT0,ACCNUM+NUMORD,No,
GAUTRCVCR,GAT1,VCRTYP+VCRNUM,Yes,
GAUTRCVCR,GAT2,ACCNUM,Yes,
GBAGSCR,GBS0,FLGHIS+COD,No,
GCACCOA,GCO0,COD,No,
GCCEGRUPYM,CRY0,PYM+GRU+LIN,No,
GCCEGRUPYM,CRY1,PYM+LEV+GRU+LIN,No,
GCCEGRUPYM,CRY2,PYM+SBBGRU,Yes,
GCCEGRUPYM,CRY4,PYM+GRU,Yes,
GCCEGRUPYM,CRY5,PYM+CCE,Yes,
GCCEPYM,CYM0,PYM,No,
GCCEPYM,CYM1,DIE+PYM,No,
GCCEPYMLIK,CYK0,PYM+LEV+CCE,No,
GCCEPYMPRT,CYP0,DIE+PYM+CCE,No,
GCLCACEPAR,CLC0,COD,No,
GCOA,COA0,COA,No,
GCOMMIT,CMM0,NUM,No,
GCOMMIT,CMM1,NUMREF+TYPREF,Yes,
GCOMMITD,CMD0,NUM+LIN,No,
GCOMMITX,CMX0,NUM+LIN+LEDTYP,No,
GDIAACC,GDA0,DIA,No,
GDIAACCD,GDC0,DIA+LINNUM,No,
GDIAENTRY,DIA,DIA,No,
GDIAENTRYD,GDD0,DIA+FLD,No,
GDIE,DIE0,DIE,No,
GDPDUDUD,GDPDUD0,USERID+TYP+NUM+LIG+DUDLIG,No,
GDUDSCR,GDS0,COD,No,
GENTLOT,LOT0,LOT,No,
GENTLOTA,LOA0,LOT+ORNVCR+LIN+ANALIN,No,
GENTLOTD,LOD0,LOT+ORNVCR+LIN,No,
GENTLOTH,LOH0,LOT+ORNVCR,No,
GFUPSCR,GFP0,COD,No,
GJOUCOA,JCO0,COA+JOU+LEG,No,
GJOUCOA,JCO1,JOU+COA+LEG,No,
GJOUCOA,JCO2,JOU+LEG+COA,No,
GJOURNAL,JOU0,JOU+LEG,No,
GJOURNAL,JOU1,DES,Yes,
GLCONSO,GLCO,LEDTYP+GRUGPY+CPYGRU+BPRGRU+ACCGRU+ACCNUM+ANALIN,No,
GLED,LED0,LED,No,
GRANTS,GRT0,GRAREF,No,
GRANTS,GRT1,CPY+GRAREF,No,
GRANTS,GRT2,CPY+FCY+GRAREF,No,
GRANTS,GRT3,CPY+FCY+INVPLN,Yes,
GRPACEMTC,GRM0,COD+NUMORD+CODACE1+LIG1,No,
GRPAUTACE,GRA0,COD,No,
GRPCUR,GCU0,GRP,No,
GRPDSP,GSP0,DIE+COD+CCE,No,
GRPDSP,GSP1,DIE,Yes,
GRPSAC,GSC0,COA+GRU+NUMLIN,No,
GRPSAC,GSC1,COA+GRU+SAC,No,
GTABACC,GTC0,CNSCOD+COD,No,
GTABACC2,GT20,COA+ACCROO,No,
GTABACC3,GTC3,CNSCOD+COD,No,
GTMPMTC,GMT0,ID+ACC+BPR+FCY+MTC+ACCNUM+DUDLIG,No,
GTYPACCENT,GTE0,TYP+LEG,No,
GVARCODPAR,GVA0,CODPAR,No,
GVARGAU,GVG0,CODVAR,No,
GVARPARGAU,GVP0,CODVAR+NOPAR,No,
GVARPARVAL,GVV0,COD+LINNUM+FLD+CODVAR+CODPAR,No,
HANDLING,HSH0,HSH,No,
HANDLINGR,HSR0,HSH+WEU+WEIMAW+CTN,No,
HD1CLOB,HD10,NUM+TYP,No,
HD2CLOB,HD20,NUM+TYP,No,
HD3CLOB,HD30,NUM+TYP,No,
HD4CLOB,HD40,NUM+TYP,No,
HD5CLOB,HD50,NUM+TYP,No,
HD6CLOB,HD60,NUM+TYP,No,
HD7CLOB,HD70,NUM+TYP+PRONUM,No,
HD7CLOB,HD71,PRONUM,Yes,
HD8CLOB,HD80,NUM+TYP,No,
HDKTASK,HDT0,HDTNUM,No,
HDKTASK,HDT1,SRENUM+TPL,Yes,
HDKTASK,HDT2,ITNNUM+TPL,Yes,
HDKTASKINV,HDI0,SRENUM+HDTORD,Yes,
HDKTRS,HTR0,HTRTYP+HTRNUM,No,
HDKTRS,HTR1,HTRNUM+HTRTYP,No,
HDKTRSVAL,HTV0,HTRTYP+HTRNUM,No,
HDKTRSVAL,HTV1,HTRNUM+HTRTYP,No,
HISTAXSPA,HTS0,YEA+CPY+FCY,No,
HISTOAMD,HAM0,CPY+UMRNUM+FLDCOD+PAYNUM,No,
HISTOCRM,HST0,RECNUM+RECTYP,Yes,
HISTOCRM,HST1,CLSNUM,Yes,
HISTOCRM,HST2,SSS+CLSNUM,Yes,
HISTODUD,HDU0,NUMHDU,No,
HISTODUD,HDU1,ACCNUM+DUDLIG,Yes,
HISTODUD,HDU2,CREDAT+NUMHDU,No,
HISTODUD,HDU3,ACCNUM+DUDLIG+NUMHDU,No,
HISTOMDT,HMDT0,CPY+UMRNUM+PAYDAT+PAYNUM,No,
HISTOMDT,HMDT1,PAYNUM,No,
HISTOOMM,HIM0,HIMNUM,No,
HISTOOMM,HIM1,OMMNUM+CCNNUM,Yes,
HISTOOMM,HIM2,OMMNUM+BPRNUM+CCNNUM,Yes,
HISTOOMM,HIM3,OMMNUM+BPRNUM,Yes,
HISTOOMM,HIM4,BPRNUM,Yes,
HISTOOMM,HIM5,CCNNUM,Yes,
HON281,HHO0,CPY+YEA+PRVNUM,No,
HON281D,DHO0,CPY+YEA+PRVNUM+TYPLIN+NUM+LIN,No,
HON281D,DHO1,CPY+YEA+PRVNUM+NUM+TYP281+TYPLIN+LIN,No,
HONLIN,HLN0,FCY+PRVNUM+DAT+HON+LINNUM,No,
HONLIN,HLN1,DADFCY+PRVNUM,Yes,
HONPRV,PRV0,PRVNUM,No,
HOROITM,HOI0,MACNUM+PBLNUM+AUSNUM,No,
HOROITM,HOI1,PBLNUM+MACNUM+AUSNUM,Yes,
HOROITM,HOI2,AUSNUM+PBLNUM+MACNUM,Yes,
HTMMAITXT,HTMMAI0,FNC+LAN+AUS,No,
HTMMAITXT,HTMMAI1,FNC+AUS+LAN,No,
ILOGIMG,ILO0,NOMFIC,No,
IMCDETPRT,IMP0,PRONUM+ITMREF+TYPCST+BRDCOD,No,
IMCDETPRT,IMP1,CURUID,Yes,
INCOTERM,ICT0,ICTCOD,No,
INCOTERMD,ICTD0,ICTCOD+CSTNAT,No,
INTCOFLO,ICF0,ABRFIC+NUM+CPYSRC+CPYTGR+FCYTGR,No,
INTCOFLO,ICF1,TYPVCR+NUMVCR+CPYTGR+FCYTGR+CPYSRC+ABRFIC+NUM,No,
INTERVEN,ITN0,NUM,No,
INTERVEN,ITN1,DATX,Yes,
INTERVEN,ITN2,BPC,Yes,
INTERVEN,ITN3,CCN,Yes,
INTERVEN,ITN4,REP+DATX,Yes,
INTERVEN,ITN5,REP+DAT,Yes,
INTERVEN,ITN6,DAT,Yes,
INTERVEN,ITN7,ITNORI+ITNORIVCR+ITNORIVCRL,Yes,
INVDACPAR,IDP0,CPY+TYP,No,
INVENTD,INVD0,CPY+REFDAT+NUMLIN,No,
INVENTD,INVD1,CPY+REFDAT+ITMREF,Yes,
INVENTD,INVD2,CPY+CUNSSSNUM+CUNLISNUM,Yes,
INVENTD,INVD3,CPY+REFDAT+CUNSSSNUM,Yes,
INVENTH,INV0,CPY+REFDAT,No,
INVNUMSPA,ISP0,NUM,No,
INVOPE,,,,
INVPAR,,,,
INVPCR,,,,
INVPRB,,,,
INVPRI,,,,
INVSTA,,,,
ITCDET,ICD1,UID+CODFIC+CLE+BRDCOD,No,
ITCDET,ICD2,ITMREF+STOFCY,Yes,
ITCDETPRT,ICP0,STOFCY+ITMREF+CSTTYP-ITCSEQ+MATREF+CPNTYP+UID+BRDCOD,No,
ITCDETPRT,ICP1,CURUID,Yes,
ITCMAT,ICC0,STOFCY+ITMREF+CSTTYP-ITCSEQ+MATREF+ECCVALMAJ+ECCVALMIN+CPNTYP+UID,No,
ITCMAT,ICC1,UID+STOFCY+ITMREF+CSTTYP,Yes,
ITCMATCH,ITC0,PRONUM+ITMREF,No,
ITCNAT,ICN0,STOFCY+ITMREF+CSTTYP-ITCSEQ+OVENAT+UID,No,
ITCWST,IWC0,STOFCY+ITMREF+CSTTYP-ITCSEQ+WST+SCOITMREF+UID,No,
ITCWSTW,IWW0,UID+STOFCY+ITMREF+CSTTYP+YEA+WST,No,
ITMABCWRK,ITK0,STOFCY+ITMREF,No,
ITMABCWRK,ITK1,STOFCY-ABCBAS+ITMREF,No,
ITMACGGRP,ITA0,ITMREF+LEG,No,
ITMBOM,ITB0,ITMREF+BOMALT+LLCTYP,No,
ITMBOM,ITB1,BOMALT+LLCTYP+LLC+ITMREF,No,
ITMBOMCFG,ITB0,ITMREF+BOMALT+LLCTYP,No,
ITMBOMCFG,ITB1,BOMALT+LLCTYP+LLC+ITMREF,No,
ITMBPC,ITU0,ITMREF+BPCNUM,No,
ITMBPC,ITU1,BPCNUM+ITMREFBPC,No,
ITMBPC,ITU2,BPCNUM+ITMDESBPC,Yes,
ITMBPS,ITP0,ITMREF+BPSNUM,No,
ITMBPS,ITP1,ITMREF+PIO+BPSNUM,No,
ITMBPS,ITP2,BPSNUM+ITMREFBPS,No,
ITMBPS,ITP3,BPSNUM+ITMDESBPS,Yes,
ITMBPS,ITP4,ITMREF+BOMALT,Yes,
ITMCATEG,ITG0,STOFCY+TCLCOD,No,
ITMCATEG,ITG1,TCLCOD+STOFCY,No,
ITMCOMP,ICM0,NUM,No,
ITMCOST,ITC0,STOFCY+ITMREF+CSTTYP-ITCSEQ+UID,No,
ITMCOST,ITC1,STOFCY+ITMREF+CSTTYP+ITCSTRDAT+ITCSEQ,Yes,
ITMCOST,ITC2,STOFCY+ITMREF+CSTTYP+ITCENDDAT+ITCSEQ,Yes,
ITMCOST,ITC3,UID+STOFCY+ITMREF+CSTTYP+ITCSTRDAT+ITCENDDAT,Yes,
ITMCPPLNK,ILK0,ITMNUM,Yes,
ITMCPPLNK,ILK1,ITMCPPNUM,Yes,
ITMCPPLNK,ILK2,ITMNUM+ITMCPPNUM,No,
ITMCPTVER,ICV0,ICVCOD,No,
ITMCUSNOM,INO0,ITMNOM,No,
ITMCUSNOM,INO1,ITMCUSSHO,Yes,
ITMFACILIT,ITF0,ITMREF+STOFCY,No,
ITMFACILIT,ITF1,STOFCY+ITMREF,No,
ITMMASTER,ITM0,ITMREF,No,
ITMMASTER,ITM1,ITMDES1,Yes,
ITMMASTER,ITM2,SEAKEY+ITMREF,No,
ITMMASTER,ITM3,CFGLIN+ITMREF,No,
ITMMASTER,ITM4,CFGVCRNUM+ITMREF,No,CFG
ITMMASTER,ITM5,PLMITMREF+ITMREF,No,PLM
ITMMVT,ITV0,ITMREF+STOFCY,No,
ITMMVT,ITV1,STOFCY+ITMREF,No,
ITMMVTHIS,ITH0,ITMREF+STOFCY+PERSTR,No,
ITMMVTHIS,ITH1,STOFCY+ITMREF+PERSTR,No,
ITMSALES,ITS0,ITMREF,No,
ITMSALES,ITS1,ITMDES1,Yes,
ITMWRH,ITW0,ITMREF+WRH,No,
ITMWRH,ITW1,WRH+ITMREF,No,
KCOEF,KCO0,ANO,No,
KPYIMPDTL,KPYD0,RECID+LINENO,No,
KPYIMPHDR,KPYH0,RECID,No,
KPYIMPTRAN,KPYT0,TYP+INVALUE+COA+FCY+ACC,No,
KPYIMPTRAN,KPUT1,TYP+COA+FCY,Yes,
KTEMPPOR,KTP0,AASREF,No,
LABELPRN,LBP0,NUMREQ+USR+RPTCOD+NUMLIG,No,
LASTCUSMVT,LCM0,BPCNUM+IFFTYP+CPY,No,
LASTSUPMVT,LSM0,BPSNUM+IFFTYP+CPY,No,
LAYOUTFAS,LOF0,CODLOF+LINLOF,No,
LAYOUTFAS,LOF1,CPY+CODLOF+LINLOF+FLGLIKAAS+GACACN,No,
LAYOUTFAS,LOF2,CPY+FCY+CODLOF+LINLOF,No,
LAYOUTFAS,LOF5,FCY+CODLOF+LINLOF,No,
LAYOUTFAS,LOF6,AASREF,Yes,
LEABILBOOK,LBB0,LEAREF+ENDPERDAT,No,
LEABILBOOK,LBB1,CPY+LEAREF+ENDPERDAT,No,
LEABILBOOK,LBB2,CPY+FCY+LEAREF+ENDPERDAT,No,
LEAD,LDS0,PSTNUM,No,
LEAD,LDS2,PSTTYP+PSTNUM,No,
LEASE,LEA0,LEAREF,No,
LEASE,LEA1,CPY+LEAREF,No,
LEASE,LEA2,CPY+FCY+LEAREF,No,
LEASE,LEA3,LEAREFORI,Yes,
LNKCPTABD,LCA0,TYP+NUM,Yes,
LNKCPTABD,LCA1,TYP+NUM+NUMENR,No,
LNKCPTABD,LCA2,REF+DPRPLN+FIYENDDAT+PERENDDAT,Yes,
LNKCPTABX3,LCA0,CPY+FCY+TYP-ACCDAT+NUM,No,
LNKCPTABX3,LCA1,CPTREF,Yes,
LNKCPTABX3,LCA2,TYP+NUM,No,
LNKCPTABX3,LCA3,CPY+FCY+ACETYP+TYP+NUM,No,
LOCALIZAT,,,,
LTAPAR,LTP0,DOSSIER,No,
LTAVCR,LTV0,VCRTYP+VCRNUM+LTVSEQ,No,
MACHINES,MAC0,MACNUM,No,
MACHINES,MAC1,BPCNUM+CCNNUM,Yes,
MACHINES,MAC2,BPCNUM,Yes,
MACHINES,MAC3,CCNNUM,Yes,
MACHINES,MAC5,MACPDTCOD+MACSERNUM,Yes,
MACITN,MAI0,MACNUM,Yes,
MACITN,MAI1,MACNUM+CLSNUM,Yes,
MACITN,MAI2,BPCTYP+BPC,Yes,
MACWARREQ,MWR0,MACNUM,Yes,
MAILING,OMM0,OMMNUM,No,
MAILING,OMM1,CMGNUM,Yes,
MAILING,OMM2,CREDAT,Yes,
MAILXML,MXL0,NUM,No,
MAILXMLD,MXD0,NUM+TAB+FIE,No,
MANDATE,MDT0,CPY+UMRNUM,No,
MANDATE,MDT1,CPY+BPCNUM+UMRNUM,No,
MARASSDEF,MAD0,RECORDNUM+RECORDADD+RECORDTYP,No,
MARASSDEF,MAD1,RECORDNUM+RECORDTYP,Yes,
MARASSREP,MAR0,RECORDNUM+RECORDADD+RECORDTYP,Yes,
MARASSREP,MAR1,RECORDNUM+RECORDTYP,Yes,
MARASSREP,MAR2,RECORDNUM+RECORDADD+RECORDTYP+REPTYP,Yes,
MARASSREP,MAR3,RECORDNUM+RECORDTYP+REPTYP,Yes,
MARDEF,MDF0,MARSCTNUM,Yes,
MARDEF,MDF1,MARSCTNUM+CRINUM,No,
MARDEF,MDF2,MARSCTNUM+CRINUM+MARSCTTAB+MARSCTFIE,Yes,
MARDEFVAL,MDV0,MARSCTNUM+CRINUM,Yes,
MARDEFVAL,MDV1,MARSCTNUM+CRINUM+SCTVALNUM,No,
MARREPSEC,MRS0,MARSCTNUM,Yes,
MARREPSEC,MRS1,MARSCTNUM+SCTREPSEC,No,
MARSCT,MST0,MARSCTNUM,No,
MATCHCODE,MTC0,COA+ACC+BPR,No,
MATCHTOL,MAT0,MATTOL,No,
MATCSTW,MAW0,MAWUID+STOFCY+ITMREF+ECCVALMAJ+ECCVALMIN+CPNTYP,No,
MEDIA,OMN0,OMNNUM,No,
MEDIA,OMN1,CMGNUM,Yes,
MEMFOR,FOG0,CODMSK+CODZON+USR+FORCOD,No,
MESPAR,MPA0,ID,No,
MFCDETPRT,MCP0,STOFCY+ITMREF+VCRTYP+VCRNUM+VCRLIN+MFCTYP1+MFCTYP2+UID+CURUID+BRDCOD+TYPCST,No,
MFCMAT,MCC0,STOFCY+ITMREF+VCRTYP+VCRNUM+VCRLIN+MFCTYP+MATREF+ECCVALMAJ+ECCVALMIN+UID,No,
MFCNAT,MCN0,STOFCY+ITMREF+VCRTYP+VCRNUM+VCRLIN+MFCTYP+OVENAT+UID,No,
MFCSCRAP,MCS0,STOFCY+ITMREF+VCRTYP+VCRNUM+VCRLIN+MFCTYP+UID,No,
MFCTYPREL,MTR0,UID+MFCTYP,No,
MFCWST,MCW0,STOFCY+ITMREF+VCRTYP+VCRNUM+VCRLIN+MFCTYP+WST+UID,No,
MFGANL,MFA0,MFGFCY+MFGNUM+PEREND,No,
MFGCOST,MFC0,STOFCY+ITMREF+VCRTYP+VCRNUM+VCRLIN+MFCTYP+UID,No,
MFGCOST,MFC1,VCRTYP+VCRNUM+VCRLIN,Yes,
MFGHEAD,MFG0,MFGNUM,No,
MFGHEAD,MFG1,MFGFCY+MFGTRKFLG,Yes,
MFGHEAD,MFG2,MTOREF,Yes,
MFGHEADTRK,MTK0,MFGTRKNUM,No,
MFGHEADTRK,MTK1,MFGNUM+MFGTRKNUM,No,
MFGHEADTRK,MTK2,PTHNUM+PTDLIN,Yes,
MFGITM,MFI0,MFGNUM+MFGLIN,No,
MFGITM,MFI1,MFGFCY+STRDAT,Yes,
MFGITM,MFI2,MFGNUM,Yes,
MFGITMTRK,MKI0,MFGTRKNUM+ITMTRKLIN,No,
MFGITMTRK,MKI1,MFGNUM+MFGTRKNUM+ITMTRKLIN,No,
MFGMAT,MFM0,MFGNUM+MFGLIN+BOMSEQ+ITMREF,No,
MFGMAT,MFM1,MFGFCY+RETDAT,Yes,
MFGMAT,MFM2,MFGFCY+MFGPIO+RETDAT,Yes,
MFGMAT,MFM3,MFGNUM+BOMOPE+ITMREF,Yes,
MFGMATTRK,MKM0,MFGTRKNUM+MATTRKLIN,No,
MFGMATTRK,MKM1,MFGNUM+MFGTRKNUM+MATTRKLIN,No,
MFGOPE,MFO0,MFGNUM+OPENUM+OPESPLNUM,No,
MFGOPE,MFO1,POHNUM+POPLIN+POPSEQ,Yes,
MFGOPE,MFO2,MFGFCY+EXTWST+SCHSBB+MFGNUM,Yes,
MFGOPETRK,MKO0,MFGTRKNUM+OPETRKLIN,No,
MFGOPETRK,MKO1,MFGNUM+MFGTRKNUM+OPETRKLIN,No,
MFGPRN,MFP0,MFGNUM,No,
MFGTRS,MTS0,MTSTYP+MTSNUM,No,
MFGTRS,MTS1,MTSNUM+MTSTYP,No,
MFGVERSION,MFV0,TABLE+VERSION+CLE,No,
MFGWIP,MWH0,VCRTYP+VCRNUM,No,
MFGWIP,MWH1,TRKTYP+STRDAT,Yes,
MKGLEVEL,MKL0,OPGNUM+KEYTYPE+DATAKEY,No,
MKGOPG,MOG0,MKGQUR+OPGNUM+TGR,No,
MKGOPG,MOG1,MKGQUR+TGR,Yes,
MKGOPG,MOG2,OPGNUM+TGR,Yes,
MKGQUR,MQR0,QURNUM,No,
MKGQURPPL,MQP0,QURNUM,Yes,
MKGQURPPL,MQP1,QURNUM+PPLORD,No,
MMSDEFVAL,MMV0,ID+CODFIC+CODZONE,No,
MMSPAR,MMS0,ID,No,
MODSCALE,MOD1,MODSCALE,No,
MTCAUTO,MTU0,NUM,No,
MTCBATCH,MTB0,MTCNUM+ACCNUM+DUDLIG,No,
MTCGAUTMP,MGT0,COD+LINNUM+CLEA1+CLEA2+ACCNUM,No,
MTKCRDASW,MTA0,MFGTRKNUM+OPETRKLIN+QSTNUM,No,
MTOHEAD,MTO0,MTOREF,No,
MTOLINK,MLK0,STOFCY+ITMREF+DEMTYP+DEMNUM+DEMLIN+DEMSEQ,Yes,
MTOLINK,MLK1,STOFCY+ITMREF+RESSTYP+RESSNUM+RESSLIN+RESSSEQ,Yes,
MWMCRDASW,MWA0,MFGNUM+BOMOPE+ITMREF+IPTDAT+MVTSEQ+QSTNUM,No,
NETAUTO,NTO0,ACCNUM+DUDLIG+IND,No,
NETAUTO,NTO1,UIDUSR,Yes,
NETAUTO,NTO2,ACCNUMVCR,Yes,
NOTCATEG,NTG0,NTGTYP+NTGCOD,No,
NOTE,NTS0,CODE+NTSCOD2,No,
NRYPAR,,,,
NUMCAI,,,,
OMMRESULT,MRE0,OPGNUM+MRENUM,No,
OMMRPT,OMR0,LAN+MAGTPL,No,
OPERATIONS,OPS0,OPSNUM,No,
OPERATIONS,OPS1,MFGNUM+OPENUM+OPESPLNUM,No,
OPERATIONS,OPS2,POHNUM+POPLIN+POPSEQ,Yes,
OPERATIONS,OPS3,MFGFCY+OPESTR+MFGNUM,Yes,
OPPOR,OPP0,OPPNUM,No,
OPPOR,OPP1,OPPCDA,Yes,
OPPOR,OPP2,OPPCMGNUM,Yes,
OPPOR,OPP3,OPPOPGNUM,Yes,
OPPOR,OPP4,OPPCMP,Yes,
OPPOR,OPP5,OPPMCN,Yes,
OPPOR,OPP6,OPPREP+OPPCDA,Yes,
OPPOR,OPP7,OPPORI+OPPORIVCR+OPPORIVCRL,Yes,
ORDCOMP,DOO0,BPRNUM,No,
ORDCOV,ORC0,VCRTYPDST+VCRNUMDST+VCRLINDST+VCRSEQDST+WIPSTADST,Yes,
ORDCOV,ORC1,VCRTYP+VCRNUM+VCRLIN+VCRSEQ,Yes,
ORDERS,ORD0,WIPTYP+WIPNUM+ITMREF,No,
ORDERS,ORD1,STOFCY+ITMREF+ENDDAT,Yes,
ORDERS,ORD2,ITMREF+ENDDAT,Yes,
ORDERS,ORD3,STOFCY+VCRTYP+VCRNUM+VCRLIN+VCRSEQ,Yes,
ORDERS,ORD4,ITMREF+STOFCY+WIPTYP,Yes,
ORDOOPAR,ORO0,ID,No,
ORDOPPAR,ORP0,ID,No,
OVENAT,ONA0,OVENAT,No,
OVERHEAD,OVE0,OVECOD,No,
PARESC,PEC0,ESCNUM,No,
PARESC,PEC1,ENAFLG+ESCCAT,Yes,
PAREVT,PVT0,EVT+PLN+EVTINT,No,
PAREVT,PVT1,EVT+EVTINT,No,
PAREVTD,PVD0,EVTINT+FLDNAM,No,
PAREVTD,PVD1,EVTINT,Yes,
PAREVTD,PVD2,EVTINT+NUMLIG+FLDNAM,No,
PARFLUX,PFL0,CODTXS+COA+POSTXS,No,
PARFLUXDET,PFD0,CODTXS+COA+POSTXS+GAC,No,
PARFLUXDET,PFD1,CODTXS+COA+GAC,No,
PARJAL,PJA0,MFGFCY,No,
PARLDAP,LDA0,CPY,No,
PARMRP,PCB0,STOFCY,No,
PARMTO,PTO0,PTOCOD,No,
PARSTA1,PS10,COD,No,
PARSTA2,PS20,COD,No,
PARSTA2,PS21,UPDCOD,Yes,
PARSTALIG,PSL0,COD+NUMLIG,No,
PARSTOACC,PAS0,LEG+CPY+TRSTYP,No,
PARTAXUSA,PTU0,COD,No,
PARTRZL,TZL0,KEYTZL,No,
PARTRZL,TZL1,OBJSRC+OBJDES+CPY,No,
PARTRZLDET,TZD0,KEYTZL+CODZONSRC+CODZONDES,No,
PARWIPACC,PWA0,LEG+CPY+TXNTYP,No,
PARWIPACCS,SWA0,LEG+CPY+TXNTYP,No,
PAYACCNUM,PAN0,TYPNUM+NUM+STA+ACCNUM,No,
PAYACCNUMD,PMD0,NUM+ACCSTA+ACCNUM,No,
PAYFRM,FRM0,FRMFLG+FRMNUM,No,
PAYLOT,PYL0,COD,No,
PAYMENTA,PYA0,NUM+LIN+LINANA,No,
PAYMENTD,PYD0,NUM+LIN,No,
PAYMENTD,PYD1,DUDNUM+DUDLIG+NUM+LIN,No,
PAYMENTD,PYD2,NUM+LIN+CURLIN,No,
PAYMENTH,PYH0,NUM,No,
PAYMENTH,PYH1,FRMFLG+FRMNUM+FRMLIN,Yes,
PAYMENTH,PYH2,PAYLOT+PAYLOTLIG+NUM,No,
PAYMENTH,PYH3,PAYTYP-NUM,No,
PAYMENTH,PYH4,DUDDAT+NUM,No,
PAYMTCTMP,PMP0,NUM+NUMORD+LEDTYP+FCY+ACC+BPR+OCC1+OCC2,Yes,
PAYMTCTMP,PMP1,NUM+NUMORD+LEDTYP+FCY+ACC+BPR+ACCNUM,Yes,
PAYMTCTMP,PMP2,NUM+NUMORD+LEDTYP+CUR+FCY+ACC+BPR+OCC1+OCC2,Yes,
PAYMTCTMP,PMP3,UIDUSR,Yes,
PAYMTCTMP2,PM20,TYP+NUM+LEDTYP+CUR+FCY+ACC+BPR+ACCNUM,No,
PAYMTCTMP2,PM21,UIDUSR,Yes,
PAYORDER,PYO0,DUDNUM+DUDLIG+PAYNUM,No,
PAYPTD,,,,
PAYPTH,,,,
PAYPTHDOC,,,,
PAYPTHRIT,,,,
PAYTMP,PTP0,TYPREC+NUM+CODACE+LIGCODACE+VCRNUM+LIG+NUMORD,No,
PAYTMP,PTP1,TYPREC+NUM+CODACE+VCRNUM+LIG+LIGCODACE+NUMORD,No,
PAYTMP,PTP2,TYPREC+NUM+LIG+DUDNUM+DUDLIG+CODACE+LIGCODACE,Yes,
PAYTMP,PTP3,UIDUSR,Yes,
PAYVAT,PYHV0,PAYNUM+PAYLIN+PAYMENTSTA,No,
PBDBPGRP,PBDBPG0,COD+LEG,No,
PBDBPGRPD,PBDBPD0,COD+LEG+BPR,No,
PBDCONFIG,PBDCNF0,CODE+LEG,No,
PBDCONFIG,PBDCNF1,LEG+GRPORCPY+LEDTYP+ROOTACC,Yes,
PBDCONFIGD,PBDCNFD0,CODE+LEG+ISINCLUDED+LINE,No,
PBDECOCOD,PBDECO0,COD+LEG,No,
PBDECOCOD,PBDECO1,LEG+COD,No,
PBDECODITM,PBDEIT0,LEG+ITM,No,
PBDGEN,PBDGEN0,CODE,No,
PBDGEND,PBDGEND0,CODE+LEG+ISDETAIL+ISOITEM+LINE,No,
PBDUICONF,PBDUIC0,LEG,No,
PBDUICONFD,PBDUID0,LEG+LIN,No,
PDPDET,CBD0,STOFCY+ITMREF+BUC+REQDAT+WIPTYP+WIPNUM,No,
PDPDET,CBD1,STOFCY+SUGTYP+SUGSTA+SUGNUM,Yes,
PDPDET,CBD2,STOFCY+ITMREF+WIPTYP+WIPSTA,Yes,
PDPDET,CBD3,ITMREF+STOFCY+BUC+REQDAT+WIPTYP+WIPNUM,No,
PDPDET,CBD4,ITMREFORI+STOFCY+WIPTYP+WIPSTA,Yes,
PDPHEA,CBH0,STOFCY+ITMREF,No,
PDPHEA,CBH1,STOFCY+LLC+ITMREF,No,
PERIOD,PER0,CPY+LEDTYP+FIYNUM+PERNUM,No,
PERIOD,PER1,LEDTYP,Yes,
PFOOTINV,PFI0,PFINUM,No,
PHONECALL,CLL0,CLLNUM,No,
PHONECALL,CLL1,CLLDATX,Yes,
PHONECALL,CLL2,CLLCMP,Yes,
PHONECALL,CLL3,CLLCCN,Yes,
PHONECALL,CLL4,CLLREP+CLLDATX,Yes,
PHONECALL,CLL5,CLLCMGNUM,Yes,
PHONECALL,CLL6,CLLOPGTYP+CLLOPGNUM,Yes,
PHONECALL,CLL7,CLLORI+CLLORIVCR+CLLORIVCRL,Yes,
PHONECALL,CLL8,CLLDAT+CLLHOU+CLLNUM,No,
PHONING,OMP0,OMPNUM,No,
PHONING,OMP1,CMGNUM,Yes,
PHONING,OMP2,OMPSTR,Yes,
PHYBUI,BUI0,BUICOD,No,
PHYELT,PHY0,PHYREF,No,
PHYELT,PHY3,BAC+CPY,Yes,
PHYELT,PHY4,CPY+FCY+PHYREF,No,
PHYELT,PHY5,AASREF+PHYREF,No,
PHYLCT,LCT0,LCTCOD,No,
PHYLCT,LCT1,FCY+LCTCOD,No,
PHYLCT,LCT2,BAC+FCY+LCTCOD,No,
PHYMVT,PMVT0,PHYREF+NUM,No,
PINVOICE,PIH0,NUM,No,
PINVOICE,PIH1,BPR+BPRVCR,Yes,
PINVOICE,PIH2,GTE+NUM,No,
PINVOICE,PIH3,ACCDAT+BPR,Yes,
PINVOICE,PIH4,CUR+BPR+NUM,No,SVC
PINVOICE,PIH5,CPY+EECNUMDEB+ACCDAT,Yes,DEB
PINVOICE,PIH6,RCRNUM+RCRDAT,Yes,
PINVOICED,PID0,NUM+PIDLIN,No,
PINVOICED,PID1,TYPORI+NUMORI+LINORI+SEQORI+NUM+PIDLIN,No,
PINVOICED,PID2,ITMREF+NUM+PIDLIN,No,
PINVOICED,PID3,BPR+INVTYP+ITMREF+NUM+PIDLIN,No,
PINVOICED,PID4,POHNUM+POPLIN+POQSEQ,Yes,
PINVOICEV,PIV0,NUM,No,
PITCOUNT,PCT0,SRENUM+TPYFLG+FGVCAH+BPC+MAC+PBL+HDT+HDTSEQ,No,
PITCOUNT,PCT1,CONNUM,Yes,
PITCOUNT,PCT2,LOO,No,
PITDEB,PDB0,BPR+ITMREF+PBL,No,
PITDEBD,PBD0,BPR+ITMREF+PBL+PBDLIN,No,
PIVOTS,PIT0,ID,No,
PIVZON,PIZ0,ID+LIN,No,
PIVZON,PIZ1,ID+CODFIC+CODZONE,No,
PIWRK,SKW0,PRONUM+LEV,No,
PIWRK,SKW1,CREUSR+CREDAT+PRONUM+LEV,No,
PLGMKG,PLG0,CMGNUM,Yes,
PLGMKG,PLG1,CLSNUM,Yes,
PLGMKG,PLG2,CLSNUM+SSS,Yes,
PLGOPG,PLO0,OPGNUM,Yes,
PLGOPG,PLO1,CLSNUM,Yes,
PLGOPG,PLO2,CMGNUM+OPGNUM+SSS,Yes,
PLMDEFVAL,PDV0,ID+CODFIC+CODZONE,No,
PLMPAR,PPA0,ID,No,
POOL,POO0,POO+LIN,No,
PORDER,POH0,POHNUM,No,
PORDER,POH1,BPSNUM+ORDDAT+POHNUM,No,
PORDER,POH2,ORDDAT+POHNUM,No,
PORDERC,POC0,POHNUM+POPLIN,No,
PORDERC,POC1,POHNUM+ITMREF+PRHFCY,No,
PORDERC,POC2,ITMREF+BETFCY+STRDAT,Yes,
PORDERP,POP0,POHNUM+POPLIN+POPSEQ,No,
PORDERP,POP1,POHNUM+POPLIN+POPDAT,No,
PORDERP,POP2,PRHFCY+POHNUM+POPLIN,Yes,
PORDERP,POP3,ITMREF+POHTYP,Yes,
PORDERQ,POQ0,POHNUM+POPLIN+POQSEQ,No,
PORDERQ,POQ1,LININVFLG+WIPSTA+BPSINV+ITMREF+POHNUM,Yes,
PORDERQ,POQ2,LINCLEFLG+WIPSTA+PRHFCY+BPSNUM+POHNUM,Yes,
PORDERQ,POQ3,POHNUM+POQLNK,No,
PORDERQ,POQ4,VCRTYPORI+VCRNUMORI+VCRLINORI+VCRSEQORI+ITMREFORI,Yes,
PORDITM,POI0,USR+NOLIG,No,
PORDITM,POI1,USR+POILIN,No,
POSCOD,POS0,CRY+POSCOD+POSCTY+POSCTYCOD,No,
POSCOD,POS1,CRY+POSCTY+POSCOD,Yes,
POSCOD,POS2,CRY+POSCTYSEA+POSCOD,Yes,
PPREASON,PPR0,PRIREN,No,
PPRICCONF,PPC0,PLI,No,
PPRICCONF,PPC1,PLIENAFLG+PLITYP+PIO+PLI,No,
PPRICFICH,PPF0,PLI+PLICRD,No,
PPRICLINK,PPK0,CLE,No,
PPRICLIST,PPL0,PLI+PLICRD+PLILIN,No,
PPRICLIST,PPL1,PLI+PLICRI+PLISTRDAT,Yes,
PPRICLIST,PPL2,PLI+PLICRI1+PLISTRDAT,Yes,
PPRICLIST,PPL3,PLI+PLICRI2+PLISTRDAT,Yes,
PPRIVARWRK,PPV,PID,Yes,
PQUOTAT,PQH0,PQHNUM,No,
PQUOTAT,PQH1,PQHDAT+PQHNUM,No,
PQUOTATD,PQD0,PQHNUM+PQDLIN,No,
PQUOTATD,PQD1,PQHNUM+ITMREF,Yes,
PQUOTATF,PQF0,PQHNUM+BPSNUM,No,
PQUOTATF,PQF1,BPSNUM+PQHNUM,No,
PRECEIPT,PTH0,PTHNUM,No,
PRECEIPT,PTH1,BPSNDE,Yes,
PRECEIPT,PTH2,BPSNUM+RCPDAT,Yes,
PRECEIPT,PTH3,RCPDAT+PTHNUM,No,
PRECEIPT,PTH4,CPY+EECNUMDEB+RCPDAT,Yes,DEB
PRECEIPTD,PTD0,PTHNUM+PTDLIN,No,
PRECEIPTD,PTD1,LININVFLG+BPSINV+ITMREF+PTHNUM+PTDLIN,No,
PRECEIPTD,PTD2,POHNUM+POPLIN+POQSEQ+PTHNUM+PTDLIN,No,
PRECEIPTD,PTD3,PRHFCY+BPSNUM+ITMREF+PTHNUM+PTDLIN,No,
PREQUIS,PSH0,PSHNUM,No,
PREQUIS,PSH1,PSHFCY+PSHNUM,No,
PREQUIS,PSH2,PRQDAT+PSHNUM,No,
PREQUIS,PSH3,PSHNUMMMS+PSHNUM,No,MMS
PREQUISA,PSA0,PSHNUM+PSDLIN+PQHNUM+PQDLIN,No,
PREQUISA,PSA1,PQHNUM+PQDLIN+PSHNUM+PSDLIN,No,
PREQUISD,PSD0,PSHNUM+PSDLIN,No,
PREQUISD,PSD1,LINORDFLG+ITMREF+EXTRCPDAT+PSHNUM+PSDLIN,Yes,
PREQUISD,PSD2,LINORDFLG+LINBUY+EXTORDDAT,Yes,
PREQUISD,PSD3,PSDNUMMMS+PSHNUM+PSDLIN,No,MMS
PREQUISO,PSO0,PSHNUM+PSDLIN+POHNUM+POPLIN+POQSEQ,No,
PREQUISO,PSO1,POHNUM+POPLIN+POQSEQ+PSHNUM+PSDLIN,No,
PREREPORT,PPP0,NUM+TYPOBJ+CUR,No,
PRESP,PPH0,BPSNUM+PQHNUM+PQDLIN,No,
PRESP,PPH1,ITMREF+BPSNUM+PQHNUM,Yes,
PRESP,PPH2,BPSNUM+ITMREF+PQHNUM,Yes,
PRESPD,PPD0,BPSNUM+PQHNUM+PQDLIN+PPDLIN,No,
PRESPD,PPD1,BPSNUM+PQHNUM+ITMREF+PPDLIN,Yes,
PRESTCOV,PCO0,CONNUM+TPL+MACNUM+TYPSVC,Yes,
PRETURN,PNH0,PNHNUM,No,
PRETURN,PNH1,BPSNUM+RTNDAT,Yes,
PRETURN,PNH2,RTNDAT+PNHNUM,No,
PRETURN,PNH3,CPY+EECNUMDEB+RTNDAT,Yes,DEB
PRETURND,PND0,PNHNUM+PNDLIN,No,
PRETURND,PND1,PTHNUM+PTDLIN,Yes,
PRETURND,PND2,LININVFLG+BPSINV+ITMREF+PNHNUM+PNDLIN,No,
PRETURND,PND3,POHNUM+POPLIN+POQSEQ,Yes,
PRICSTRUCT,PRS0,BPCBPS+PLISTC,No,
PRJFAS,PJF0,PRJ+LIG,No,
PRJLOT,PJL0,PRJ+LOT,No,
PRMDADSU,PRM0,CPY,No,
PROJET,PRJ0,PRJ,No,
PROPLN,PPL0,PROPLN+FIYENDDAT+PERENDDAT,No,
PROPLNH,PPH0,PROPLN,No,
PROPLNH,PPH1,CPY+PROPLN,No,
PROPLNH,PPH2,CPY+FCY+PROPLN,No,
PROPLNH,PPH3,CPY+CNX,Yes,
PROROG,PRO0,NUM,Yes,
PROROGPCE,PRP0,ACCNUM,No,
PROROGPCE,PRP1,NUM+ACCNUM,No,
PRTSCRWRK,PSW0,CREUSR+PRONUM+PRONUMSEQ+RECCOD+RECSEQ,No,
PSEPLN,PSE0,CPY+PSEPLN,No,
PURTRS,PTR0,PTRTYP+PTRNUM,No,
PURTRS,PTR1,PTRNUM+PTRTYP,No,
PVCRFOOT,PVF0,VCRNUM+VCRTYP+IND,No,
PVCRFOOT,PVF1,VCRTYP+VCRNUM+IND,No,
PVCRFOOT,PVF2,NUM+VCRTYP+VCRNUM+IND,No,
PVCRVAT,PVV0,VCRNUM+VCRTYP+IND,No,
PVCRVAT,PVV1,VCRTYP+VCRNUM+IND,No,
PVCRVAT,PVV2,NUM+VCRTYP+VCRNUM+IND,No,
PWRKORDERS,PWO0,PRONUM+CODFNC+LINNUM+WIPTYP+WIPNUM+PSDLIN,No,
PWRKPND,PWR0,PRONUM+PNHNUM+PNDLIN,No,
PWRKPNH,PWE0,PRONUM+PNHNUM,No,
PWRKPNH,PWE1,PRONUM+CPY+PNHFCY+BPSINV+CUR+PNHNUM,No,
PWRKPOC,PWC0,PRONUM+POHNUM+POPLIN,No,
PWRKPOP,PWP0,PRONUM+POHNUM+POPLIN+POPSEQ,No,
PWRKPOQ,PWQ0,TYPORI+POHNUM+POPLIN+POQSEQ,No,
PWRKPQF,PWF0,PRONUM+BPSNUM,No,
PWRKPTD,PWD0,PRONUM+PTHNUM+PTDLIN,No,
PWRKPTH,PWH0,PRONUM+PTHNUM,No,
PWRKPTH,PWH1,PRONUM+CPY+PRHFCY+BPSINV+CUR+PTHNUM,No,
PWRKSTT,PWS0,PRONUM+CODFNC+VCRTYP+VCRNUM+VCRLIN+VCRSEQ+TRSTYP,No,
PYHCAS,PCH1,REGNUM+ACCNUM+REGLIN,Yes,
PYHCAS,PCH2,NUMPCH,Yes,
PYHCAS,PCH3,REGNUM+RVSACCNUM+REGLIN,Yes,
PYRAPAR,PYRA0,ID,No,
QLYCRD,QLC0,QLYCRD+NUMLIN,No,
QLYCRD,QLC1,QLYCRDDES+NUMLIN,Yes,
QLYCRD,QLC2,SEQ+QLYCRD+NUMLIN,No,
QLYCRDASW,QLA0,QLYCTLDEM+VCRLIN+CRDSEQ+QSTNUM,No,
QLYCRDNQA,NQA0,COD+NQA+CODSMP,No,
QLYCRDQST,QLQ0,QSTNUM,No,
QLYWRK,QLW0,PRONUM+LINNUM+QSTNUM,No,
QUEUE,QUE0,NUM,No,
QURCRI,QCR0,QURNUM+PPLORD,Yes,
QURCRI,QCR1,QURNUM+PPLORD+CRINUM,No,
QURCRI,QCR2,QURNUM+CRICND,Yes,
QURCRIVAL,QCV0,QURNUM+PPLORD+CRINUM,Yes,
QURCRIVAL,QCV1,QURNUM+PPLORD+CRINUM+CRIVALNUM,No,
QUREXTRACT,QTX0,QURNUM,Yes,
QURTMP,QTP0,QURNUM+PPLORD+CRINUM+KEYTGR,Yes,
QURTMP,QTP1,QURNUM+PPLORD+KEYTGR,Yes,
QURTMP,QTP2,KEYTGR,Yes,
QURTMP,QTP3,QURNUM+PPLORD+CRINUM+WKGTAB+KEYREC,Yes,
RBKBELDET,RBD0,RBKNUM+RBKLIN,No,
RBKBELDET,RBD1,FRMNUM,Yes,
RBKBELDUD,RBU0,RBKNUM+RBKLIN+LIN,No,
RBKBELDUD,RBU1,DUDNUM+DUDLIG,Yes,
RBKBELHEA,RBH0,RBKNUM,No,
RBKBELHEA,RBH1,ACCNUM,No,
RBKBELTMP,RBW0,RBKNUM+RBKLIN+LIN,No,
RBKBELTMP,RBW1,DUDNUM+DUDLIG,Yes,
RBKRUBBEL,RRB0,RUB,No,
RCRINVOICE,RCH0,RCRNUM,No,
RCRINVOICE,RCH1,RCRTYP+NUM,Yes,
REACHPAR,RPA0,ID,No,
RELBANK,RBK0,BAN+RBKNUM+RECTYP+RBKLIN,No,
RELBANK,RBK1,BAN+RECTYP+OPEDAT+RBKNUM+RBKLIN,No,
RELBANK,RBK2,BAN+RBKNUM,Yes,
RELBANK,RBK3,BAN+NUMRBK,No,
RELBANK,RBK4,NUMRBK,No,
RELBANKREM,CRR0,BAN+RBKNUM+RBKLIN+REMNUM,No,
RELMT940,RLT0,FILNUM+TRFNUM+SEQNUM,No,
RELMT940,RLT1,BAN+FILNUM,Yes,
RELMT940,RLT2,BAN+FILNUM+TRFNUM+SEQNUM,No,
RELMT940,RLT3,BAN+TRFNUM+SEQNUM,Yes,
RELMT940D,RLD0,FILNUM+TRFNUM+SEQNUM+LIN,No,
RELMT940D,RLD1,BAN+FILNUM,Yes,
REPLINDEF,RLI0,LEG+RECTYP+COD,No,
REPLINDEF,RLI1,LEG+RECTYP,Yes,
REPLINDEF,RLI2,COD,Yes,
REPSEC,RSE0,BPCNUM+REPNUM,No,
REPSEC,RSE1,BPCNUM,Yes,
RESOURCES,RSS0,NUM,No,
RESRES,RRS0,NUM,No,
RESRES,RRS1,RRSORI+RRSORIVCR,Yes,
RITCUM,,,,
RITDUD,,,,
RITENZIONE,RTZ0,RITCOD,No,
RITHIS,RTH0,PAYNUM+PIHNUM+RITCOD,No,
RITMVT,RTM0,BPR+RITCOD+CPY+ANN,No,
RNWPREP,RWP0,CPY+FCY+RNWAASREF+MOTHAASREF,No,
RNWPREP,RWP1,CPY+MOTHAASREF,No,
RNWPREP,RWP2,CPY+FCY+CCNREF+RNWAASREF,Yes,
RNWPREP,RWP3,RNWDONFLG,Yes,
ROUOPE,ROO0,FCY+ITMREF+ROUALT+OPENUM+RPLIND,No,
ROUOPE,ROO1,FCY+VALENDDAT,Yes,
ROUOPE,ROO2,FCY+WST,Yes,
ROUOPE,ROO3,FCY+LABWST,Yes,
ROUOPE,ROO4,FCY+STDOPENUM,Yes,
ROUOPESTD,ROT0,STDOPENUM+FCY,No,
ROUOPESTD,ROT1,FCY+STDOPENUM,No,
ROUSCD,ROS0,FCY+ITMREF+ROUALT+OPENUM,No,
ROUSCD,ROS1,FCY+ITMREF+ROUALT+NEXOPENUM,Yes,
ROUTING,ROH0,ITMREF+ROUALT+FCY,No,
ROUTING,ROH1,FCY+ITMREF+ROUALT,No,
RPLWST,RPW0,WST+WCRFCY,No,
RPTDS,RDS0,CRYCOD+LAN,No,
RSLINESGER1,RSLG1,USERID,Yes,
RSLINESGER1,RSLG2,USERID+GEREECNUM+TRNTYP,No,
RSLINESGER2,RSLG2,USERID,Yes,
RSLINESGER2,RSLG3,USERID+GEREECNUM+TRNTYP,Yes,
RUBASSDEF,RDE0,REFOBJ+DETAAS+ACM+CPY,No,
RUBASSDEF,RDE1,NUMASS,No,
RUBASSDEFP,RDP0,REFOBJ+DETAAS+ACM+CPY+DPRPLN,No,
RUBASSDEFP,RDP1,NUMASS+DPRPLN,No,
RUBASSVAL,RVA1,REFOBJ+DETAAS+ACM+CPY+VALDETAAS,No,
RUBASSVAL,RVA0,NUMASS+VALDETAAS,No,
RUBASSVAL,RVA2,REFOBJ+DETAAS+ACM+CPY,Yes,
RUBASSVALP,RVP0,NUMASS+VALDETAAS+DPRPLN,No,
RUBASSVALP,RVP1,REFOBJ+DETAAS+ACM+CPY+VALDETAAS+DPRPLN,No,
RVACOED,COD0,RVACOEREF+CLETAB,No,
RVACOED,COD1,RVANAT+YEA+MON,Yes,
RVACOEH,COH0,RVACOEREF,No,
RVACOEH,COH1,CPY+RVACOEREF,No,
RVACOEH,COH2,RVACOEREF+CRITDAT+CRITNAT,No,
SAFTPTTMP1,SAFTP0,COD+EECNUM,No,
SAITRS,HST0,REFOBJ+TRSCOD,No,
SAITRSDET,DST0,REFOBJ+TRSCOD+NUMMSK+CODMSK+CODZON,No,
SAITRSDET,DST1,REFOBJ+TRSCOD+CODMSK,Yes,
SAITRSDET,DST2,CODMSK,Yes,
SAITRSDET,DST3,BROMSK,Yes,
SAITRSDET,DST4,NUMMSK,Yes,
SALESREP,REP0,REPNUM,No,
SALESREP,REP1,AUSNUM,Yes,
SALESTAX,STB0,PID+VAT,Yes,
SALESTAX,STB1,VCRNUM+VCRTYP+VAT+PID,Yes,
SALTRS,SLT0,STRTYP+STRNUM,No,
SALTRS,SLT1,STRNUM+STRTYP,No,
SBGEO,SBG0,BPRNUM,Yes,
SBGEO,SBG1,CRY+ARACOD,Yes,
SBGEO,SBG2,BPRNUM+CRY+ARACOD,No,
SBODLINK,SPK0,CLE,No,
SBPBL,SBP0,BPRNUM,Yes,
SBPBL,SBP1,PBL,Yes,
SBPBL,SBP2,BPRNUM+PBL,No,
SCALES,SLE0,SLE+FCY,No,
SCALES,SLE1,FCY+SLE,No,
SCHEDULING,SCH0,MFGNUM+OPENUM+OPESPLNUM,No,
SCHGD,SGD0,VCRNUM+VCRLIN,No,
SCHGH,SGH0,VCRNUM,No,
SCHGH,SGH1,SIHNUM+VCRNUM,No,
SCMAPAR,SZP0,ID,No,
SCMDPAR,SDP0,ID,No,
SCOHEAD,SCO0,SCONUM,No,
SCOHEAD,SCO1,MFGFCY+SCOTRKFLG,Yes,
SCOHEAD,SCO2,MTOREF,Yes,
SCOITM,SCI0,SCONUM+SCILIN,No,
SCOITM,SCI1,VCRTYPORI+VCRNUMORI+VCRLINORI+VCRSEQORI,Yes,
SCOITM,SCI2,POHNUM+POPLIN+POQSEQ,Yes,
SCOMAT,SCM0,SCONUM+SCILIN+SCMLIN,No,
SCOMAT,SCM1,STOFCY+DLVDAT,Yes,
SCOMAT,SCM2,STOFCY+PIO+DLVDAT,Yes,
SCOMAT,SCM3,ITMREF+BOMALT+BOMSEQ+CPNITMREF,Yes,
SCOMAT,SCM4,POHNUM+POPLIN+POQSEQ,Yes,
SCOSRV,SCS0,SCONUM+SCILIN+SCSLIN,No,
SCOSRV,SCS1,POHNUM+POPLIN+POQSEQ,Yes,
SCOSRV,SCS2,ITMREF+BOMALT+BOMSEQ+SRVITMREF,Yes,
SCOTRK,SCK0,SCONUM+SCILIN+SCSLIN+SCMLIN+PTHNUM+PTDLIN,No,
SCOTRK,SCK1,PTHNUM+PTDLIN+SCONUM+SCILIN+SCSLIN+SCMLIN,No,
SCOTRK,SCK2,POHNUM+POPLIN+POQSEQ,Yes,
SCPASW,SCA0,CLL+SCP+QST,No,
SCPQST,SCQ0,SCPNUM+QSTNUM,No,
SCPQSTCND,SQC0,SCPNUM+QSTNUM+CNDNUM,Yes,
SCPQSTCND,SQC1,SCPNUM+NEXQST,Yes,
SCPQSTCND,SQC2,SCPNUM+QSTNUM+CND,Yes,
SCRIPT,SCP0,SCPNUM,No,
SDELIVERY,SDH0,SDHNUM,No,
SDELIVERY,SDH1,BPCORD+BPAADD+DLVDAT,Yes,
SDELIVERY,SDH2,DLVDAT+SDHNUM,No,
SDELIVERY,SDH3,INVFLG+CFMFLG+SALFCY+BPCINV,Yes,
SDELIVERY,SDH4,CPY+EECNUMDEB+DLVDAT,Yes,DEB
SDELIVERYD,SDD0,SDHNUM+SDDLIN,No,
SDELIVERYD,SDD1,SOHNUM+SOPLIN+SOQSEQ,Yes,
SDELIVERYD,SDD2,ITMREF+SHIDAT+SDHNUM,Yes,
SDELIVERYD,SDD3,BPCORD+BPAADD+ITMREF,Yes,
SDELIVERYD,SDD4,SDHNUM-SDDLIN,Yes,
SEARESULT,LUP0,OBJNUM,Yes,
SEARESULT,LUP1,RESNUM,Yes,
SEARESULT,LUP2,SSS,Yes,
SEARESULT,LUP3,OBJNUM+SSS,No,
SEASON,SES0,SESCOD,No,
SEAUTH,SEU0,VCRTYP+VCRNUM+VCRSEQ,No,
SEAUTH,SEU1,TXNID,Yes,
SEAUTH,SEU2,SOHNUM,Yes,
SEAUTH,SEU3,SDHNUM,Yes,
SEAUTH,SEU4,SIHNUM,Yes,
SEAUTH,SEU5,BPCNUM+ACCNCKNAM,Yes,
SEBPC,SEB0,BPCNUM+ACCNCKNAM,No,
SECACT,SEA0,CPY+SAC,No,
SECPST,SPT0,SPTNUM,No,
SECPSTSEL,SPS0,SPSNUM+SPSLIN,No,
SELCMG,SEC0,OPGNUM+SELTBL,Yes,
SELCMGLIS,SCL0,OPGNUM+RECTYP,Yes,
SELCMGLIS,SCL1,OPGNUM+RECTYP+RECNUM,Yes,
SELCMGLIS,SCL2,OPGNUM+RECTYP+RECNUM+BPRNUM,Yes,
SELSSP,SSP0,SPTNUM,No,
SELSSP,SSP1,SPTTGR+SPTNUM,Yes,
SELSSPCPN,SSC0,SPTNUM+SPTLEV,Yes,
SELSSPCPN,SSC1,SPTNUM+SPTTAB,No,
SENTENCES,RSY0,RSY,No,
SEPAR,SEP0,JAVSRV,No,
SEPRC,SER0,PRCCOD,No,
SERREQUEST,SRE0,SRENUM,No,
SERREQUEST,SRE1,CREDAT,Yes,
SERREQUEST,SRE2,CREDAT+SRENUM,No,
SERREQUEST,SRE3,SREBPC,Yes,
SERREQUEST,SRE4,SRECCN,Yes,
SERREQUEST,SRE5,SREBPC+SRENUMBPC,Yes,
SERREQUEST,SRE6,SOLNUM,Yes,
SERREQUEST,SRE7,SREORI+SREORIVCR+SREORIVCRL,Yes,
SERREQUEST,SRE8,SRERESDAT+SRERESHOU+SREASS+SRENUM,No,
SETMAC,SEM0,SETNUM+ITMREF,No,
SETMACCPN,SEN0,SETNUM+ITMREF+TPYFLG,Yes,
SETXN,SEX0,TXNDATTIM+REQRSP+TXNID,Yes,
SETXN,SEX1,REF2+TXNDATTIM+REQRSP,Yes,
SFANAPAR,SFA0,ID,No,
SFOOTINV,SFI0,SFINUM,No,
SHIPMENT,SHH0,SHIPNUM,No,
SHIPMENTD,SHD0,SHIPNUM+SHIPLIN,No,
SHIPMENTD,SHD1,SHIPNUM+CTRNUM+SHIPLIN,No,
SHIPMENTD,SHD2,POHNUM+POPLIN+POQSEQ,Yes,
SINCDET,SND0,COD+CODLIN,No,
SINCENT,SNE0,COD,No,
SINVOICE,SIH0,NUM,No,
SINVOICE,SIH1,BPR+BPRVCR,Yes,
SINVOICE,SIH2,GTE+NUM,No,
SINVOICE,SIH3,ACCDAT+BPR,Yes,
SINVOICE,SIH4,BPRFCT+FCTVCR+FCTVCRFLG,Yes,FCT
SINVOICE,SIH5,CUR+BPR+NUM,No,SVC
SINVOICE,SIH6,STA+ORIMOD+INVTYP+NUM,Yes,
SINVOICE,SIH7,CPY+EECNUMDEB+ACCDAT,Yes,DEB
SINVOICE,SIH8,RCRNUM+RCRDAT,Yes,
SINVOICE,SIH9,BVRREFNUM,Yes,KSW
SINVOICED,SID0,NUM+SIDLIN,No,
SINVOICED,SID1,BPCINV+SALFCY+NUM+SIDLIN,No,
SINVOICED,SID2,SOHNUM+CREDAT+NUM,Yes,
SINVOICED,SID3,SDHNUM+SDDLIN,Yes,
SINVOICED,SID4,CONNUM,Yes,
SINVOICED,SID5,SRHNUM,Yes,
SINVOICEP,,,,
SINVOICEV,SIV0,NUM,No,
SINVOICEV,SIV1,SIHORI+SIHORINUM,Yes,
SINVOICEV,SIV2,INVTYP+NUM,No,
SIPARJOU,,,,
SIPARVAC,,,,
SIPARVACB,,,,
SIPARX3,,,,
SITRACAR,,,,
SITRACOD,,,,
SITRAWRK,,,,
SIWRKX3,,,,
SLOTMD,SLD0,VCRNUM+VCRLIN,No,
SLOTMH,SLH0,VCRNUM,No,
SMVTD,SMD0,VCRTYP+VCRNUM+VCRLIN,No,
SMVTDVAL,SMV0,VCRTYP+VCRNUM+VCRLIN,No,
SMVTH,SMH0,VCRTYP+VCRNUM,No,
SMVTH,SMH1,VCRTYP+IPTDAT+VCRNUM,No,
SOI,SOI0,SOINUM,No,
SOI,SOI1,FWDSOI,Yes,
SOI,SOI2,CPY+FCY+BPR+SOIDAT+SOINUM,No,
SOI,SOI3,CPY+BPR+CUR+SOINUM,No,
SOI,SOI4,TYPSOI+NUMSOI+SOINUM,No,
SOLRESULT,SOR0,SOLNUM,Yes,
SOLRESULT,SOR1,NUM,Yes,
SOLRESULT,SOR2,SSS,Yes,
SOLRESULT,SOR3,SOLNUM+SSS+TYP,No,
SOLUTION,SOL0,NUM,No,
SOLUTION,SOL1,SRENUM,Yes,
SORDER,SOH0,SOHNUM,No,
SORDER,SOH1,BPCORD+CUSORDREF,Yes,
SORDER,SOH2,CUSORDREF+BPCORD,Yes,
SORDER,SOH3,ORDSTA+BPCORD,Yes,
SORDER,SOH4,ORDSTA+SOHNUM,No,
SORDER,SOH5,ORDSTA+INVSTA+SOHCAT,Yes,
SORDERC,SOC0,SOHNUM+SOPLIN,No,
SORDERC,SOC1,BPCORD+BPAADD+ITMREF,Yes,
SORDERC,SOC2,CUSORDREF+BPCORD+BPAADD+ITMREFBPC,No,
SORDERP,SOP0,SOHNUM+SOPLIN+SOPSEQ,No,
SORDERP,SOP1,BPCORD+BPAADD+ITMREF+ENDDAT,Yes,
SORDERP,SOP2,SOQSTA+SOHCAT+STOFCY+BPCORD+BPAADD,Yes,
SORDERP,SOP3,SOHNUM+SOPLIN,Yes,
SORDERP,SOP4,SOQSTA+SOHCAT+SALFCY+BPCINV,Yes,
SORDERQ,SOQ0,SOHNUM+SOPLIN+SOQSEQ,No,
SORDERQ,SOQ1,STOFCY+SHIDAT+BPCORD+BPAADD+ITMREF,Yes,
SORDERQ,SOQ2,ITMREF+SHIDAT,Yes,
SORDERQ,SOQ3,SOQSTA+SHIDAT+DLVPIOCMP+SOHNUM+SOPLIN+SOQSEQ,No,
SORDERQ,SOQ4,SOQSTA+SOHCAT+STOFCY+BPCORD+BPAADD,Yes,
SORDERQ,SOQ6,SHIDAT+SOHNUM+SOPLIN+SOQSEQ,No,
SPACK,SPH0,VCRTYP+VCRNUM+PACNUM+PACSEQ,No,
SPACK,SPH1,VCRTYP+VCRNUM+SCCCOD,Yes,
SPACKD,SPD0,VCRTYP+VCRNUM+VCRLIN+PACNUM+PACIND+PACSEQ+VCRSEQ,No,
SPACKD,SPD1,VCRTYP+VCRNUM+PACSEQ+VCRLIN+PACNUM+PACIND+VCRSEQ,No,
SPACKD,SPD2,VCRTYP+VCRNUM+VCRLIN+PACNUM+PACIND+VCRSEQ+PACSEQ,No,
SPACKD,SPD3,VCRTYP+VCRNUM+PACNUM+PACSEQ,Yes,
SPPRTCONF,SPP0,COD,No,
SPREASON,SPR0,PRIREN,No,
SPRICCONF,SPC0,PLI,No,
SPRICCONF,SPC1,PLIENAFLG+PLITYP+PIO+PLI,No,
SPRICFICH,SPF0,PLI+PLICRD,No,
SPRICINCR,SPI0,PLI+PLICRD+PLILIN,No,
SPRICLINK,SPK0,CLE,No,
SPRICLIST,SPL0,PLI+PLICRD+PLILIN,No,
SPRICLIST,SPL1,PLI+PLICRI+PLISTRDAT,Yes,
SPRICLIST,SPL2,PLI+PLICRI1+PLISTRDAT,Yes,
SPRICLIST,SPL3,PLI+PLICRI2+PLISTRDAT,Yes,
SPRICLIST,SPL4,PLI+PLICRI1+PLICRI2+PLICRI3+PLICRI4+PLICRI5,Yes,
SPRICPRTQ,SPQ0,COD+BPCORD+ITMREF+SPQLIN,No,
SPRICPRTQ,SPQ1,COD+ITMREF+BPCORD+SPQLIN,No,
SQUOTE,SQH0,SQHNUM,No,
SQUOTE,SQH1,BPCORD+CUSQUOREF,Yes,
SQUOTED,SQD0,SQHNUM+SQDLIN,No,
SQUOTED,SQD1,ORDFLG+SALFCY+BPCORD,Yes,
SREMAC,SRM1,SRENUM+MACNUM,No,
SREMACCPN,SRN0,SRENUM+MACNUM+TPYFLG,Yes,
SRESAT,SRS0,SRENUM,Yes,
SRESTAT,SST0,USR,Yes,
SRETEMPL,SET0,SETNUM,No,
SRETURN,SRH0,SRHNUM,No,
SRETURN,SRH1,SDHNUM,Yes,
SRETURN,SRH2,CPY+EECNUMDEB+RTNDAT,Yes,DEB
SRETURN,SRH3,RTNDAT+SRHNUM,No,
SRETURND,SRD0,SRHNUM+SRDLIN,No,
SRETURND,SRD1,SDHNUM+SDDLIN,Yes,
SRETURND,SRD2,SIHNUM+RTNCNOFLG,Yes,
STAT,SAT0,COD+CPY+FCY+DAT+CRI1+CRI2+CRI3+CRI4+CRI5+CRI6+CRI7+CRI8,No,
STATION,STX0,STI,No,
STATIONBOX,SBX0,BOX+FCY,No,
STATIONBOX,SBX1,STI+BOX,Yes,
STATPRV,SAP0,COD+CPY+FCY+DAT+CRI1+CRI2+CRI3+CRI4+CRI5+CRI6+CRI7+CRI8,No,
STJTMP,SJT0,ENTCOD+CPY+KEY1+KEY2+KEY3+KEY4+KEY5+STOFCY+UPDCOD+ITMREF+IPTDAT-MVTSEQ-MVTIND,No,
STKMVTADJ,SMA0,VCRNUM+VCRLIN+VCRTYP+STOFCY+VCRNUMREG+VCRLINREG+VCRTYPREG+ITMREF+LOT+SLO,No,
STKMVTADJ,SMA1,LLC+NUM,No,
STKMVTITC,SMI0,ITCSTRDAT+ITMREF+STOFCY+CSTTYP,No,
STKREGWRK,SRW0,VCRNUM+VCRLIN+VCRTYP+CREMVTSEQ+CPY+ITMREF+LOT+SLO,No,
STKTRS,SRT0,SRTTYP+SRTNUM,No,
STKTRS,SRT1,SRTNUM+SRTTYP,No,
STOACCPAR,SAC0,PRODAT,No,
STOALL,STA0,STOFCY+ITMREF+STOCOU+SEQ,No,
STOALL,STA1,VCRTYP+VCRNUM+VCRLIN+VCRSEQ+STOCOU,Yes,
STOALL,STA2,ITMREF+VCRTYP+VCRNUM+VCRLIN+VCRSEQ+ALLTYP+STOFCY,Yes,
STOCK,STO0,STOFCY+STOCOU,No,
STOCK,STO1,STOFCY+PALNUM+ITMREF,Yes,
STOCK,STO3,ITMREF+STOFCY+LOT+SLO+LOC,Yes,
STOCK,STO4,STOFCY+LOC,Yes,
STOCK,STO5,ITMREF+SERNUM,Yes,
STOCOST,STP0,ITMREF+STOFCY+CSTDAT+CSTTIM+CSTCOU,No,
STOCOST,STP1,ITMREF+STOFCY+VCRTYP+VCRNUM+VCRLIN,Yes,
STOJOU,STJ0,STOFCY+UPDCOD+ITMREF-IPTDAT+MVTSEQ+MVTIND,No,
STOJOU,STJ1,STOFCY+VCRTYP+VCRNUM+VCRLIN,Yes,
STOJOU,STJ2,UPDCOD+ITMREF-IPTDAT+MVTSEQ+MVTIND,Yes,
STOJOU,STJ3,UPDCOD-CREDAT-CRETIM+ITMREF,Yes,
STOJOU,STJ4,ITMREF+IPTDAT+CREMVTDAT+CREMVTTIM+CREMVTSEQ,Yes,
STOJOUOVE,SJV0,STOFCY+UPDCOD+ITMREF-IPTDAT+MVTSEQ+MVTIND+OVENAT,No,
STOJOUVAL,SJV0,STOFCY+UPDCOD+ITMREF-IPTDAT+MVTSEQ+MVTIND,No,
STOLOC,STC0,STOFCY+LOC,No,
STOLOC,STC1,STOFCY+OCPCOD+LOCTYP+PPSSEQ,No,
STOLOC,STC2,STOFCY+LOCTYP+PPSSEQ,No,
STOLOC,STC3,STOFCY+LOCTYP+LOC,No,
STOLOC,STC4,STOFCY+LOCCAT+LOCTYP+LOC,No,
STOLOC,STC5,STOFCY+WRH+LOC,No,WRH
STOLOCAFF,STF0,STOFCY+LOC+ITMREF,No,
STOLOCAFF,STF1,STOFCY+ITMREF+LOC,No,
STOLOCRES,SWL0,PRONUM+LINNUM,No,
STOLOCRES,SWL1,STOFCY+LOC,Yes,
STOLOT,STL0,ITMREF+LOT+SLO,No,
STOLOT,STL1,ITMREF+LOTCREDAT+LOT+SLO,No,
STOLOT,STL2,ITMREF+SHLDAT+LOTCREDAT+LOT+SLO,No,
STOLOT,STL3,SHLDAT+ITMREF+LOT+SLO,No,
STOLOTFCY,SLF0,ITMREF+LOT+SLO+STOFCY,No,
STOMVTCOST,SMC0,CSTCOU+CSTTIM+CSTDAT+VCRNUM+VCRLIN+VCRTYP,No,
STOMVTCOST,SMC1,CSTCOU+CSTTIM+CSTDAT,Yes,
STOPAR,STE0,STOFCY+TCLCOD,No,
STOPRED,PRE0,PRHNUM+PRELIN,No,
STOPRED,PRE1,ORINUM+ORILIN+ORISEQ,Yes,
STOPREH,PRH0,PRHNUM,No,
STOPREH,PRH1,STOFCY+DLVFLG+PRHNUM,No,
STOPREH,PRH2,STOFCY+PRLNUM+DLVFLG+PRHNUM,No,
STOPREH,PRH3,SDHNUM+PRHNUM,No,
STOPRELIS,PRL0,PRLNUM+PRLSEQ,No,
STOPRELIS,PRL1,ORITYP+ORINUM+ORILIN+ORISEQ,Yes,
STOPRELIS,PRL2,PRHNUM+PRELIN+PRLNUM+PRLSEQ,Yes,
STOPRELISW,PLW0,PRONUM+WKEY+ORITYP+ORI1+ORI2+ORI3,No,
STOPREW,PRW0,PRONUM+WKEY+ORITYP+ORI1+ORI2+ORI3,No,
STOPREW,PRW1,PRONUM+WKEY+WKEYD+ORITYP+ORI1+ORI2+ORI3,No,
STOQLYD,QLD0,VCRTYP+VCRNUM+VCRLIN,No,
STOQLYD,QLD1,ITMREF+STOFCY+VCRTYP+VCRNUM+VCRLIN,No,
STOQLYD,QLD2,VCRTYP+VCRNUM+LOT+SLO+SERNUM,Yes,
STOQLYD,QLD3,VCRTYP+VCRNUM+VCRLINORI+SERNUM,Yes,
STOQLYH,QLH0,VCRTYP+VCRNUM,No,
STOQLYH,QLH1,STOFCY+ITMREF+VCRNUM,No,
STOQLYH,QLH2,VALFLG+VCRTYP+VCRNUM,No,
STOQLYH,QLH3,VCRTYPORI+VCRNUMORI+ITMREF,Yes,
STOQLYSMP,SMP0,VCRTYP+VCRNUM+ITMREF+LOT,No,
STOQUAL,STQ0,QLYCTLDEM,No,
STOQUAL,STQ1,ITMREF+LOT+QLYCTLDEM,No,
STOREO,REO0,STOFCY+LOC+ITMREF,No,
STOREO,REO1,VCRTYP+VCRNUM+VCRLIN,Yes,
STOSER,STS0,ITMREF+SERNUM,No,
STOSER,STS2,ITMREF+SDHTYP+SDHNUM+SDDLIN+SERNUM,No,
STOSRG,SRG0,STOCOU+VCRTYP+VCRNUM+VCRLIN,No,
STOSRG,SRG1,STOFCY+ITMREF,Yes,
STOSRG,SRG2,STOFCY+LOC,Yes,
STOSRG,SRG3,STOFCY+VCRTYP+VCRNUM+VCRLIN,Yes,
STOSRG,SRG4,STOFCY+SRGPPS,Yes,
STOSRG,SRG5,STOFCY+VCRNUM+VCRLIN,Yes,
STOSRGW,SGW0,STOCOU+VCRTYP+VCRNUM+VCRLIN+SRGSEQ,No,
STOSYNW,SYW0,CUNLISNUM+STOFCY+ITMREF+SEQ,No,
STOSYNW,SYW1,STOFCY+ITMREF+LOT+SLO+LOC+STA,Yes,
STOSYNW,SYW2,STOFCY+ITMREF+SERNUM,Yes,
STOTRK,STR0,ITMREF+LOT+SLO-IPTDAT+MVTSEQ+STOFCY,No,
STOTRK,STR1,VCRTYP+VCRNUM+VCRLIN,Yes,
STOTRK,STR2,ITMREF+SERNUM-IPTDAT+MVTSEQ+STOFCY,Yes,
STOTRKWRK,SKW0,PRONUM+LEV,No,
STOTRKWRK,SKW1,CREUSR+CREDAT+PRONUM+LEV,No,
STOVALCUM,SVC0,PRONUM+STOFCY+TCLCOD+TSINUM+TSICOD+BUY,No,
STOVALWRK,STV0,CREUSR+PRONUM+ITMREF+STOFCY+LOT+STOCOU,No,
STOWIPW,SWW0,STOCOU+PRONUM+SEQ,No,
SUBCONT,PRX0,BPRNUM,No,
SUCURSAL,,,,
SVCRFOOT,SVF0,VCRNUM+VCRTYP+DTA,No,
SVCRFOOT,SVF1,VCRTYP+VCRNUM+DTA,No,
SVCRFOOT,SVF2,VCRTYP+VCRNUM+CLCORD+DTA,No,
SVCRFOOT,SVF3,NUM+VCRTYP+VCRNUM+DTA,No,
SVCRVAT,SVV0,VCRTYP+VCRNUM+VAT,No,
SVCRVAT,SVV1,VCRTYP+VCRNUM+VATTYP+VAT,No,
SVCRVAT,SVV2,NUM+VCRTYP+VCRNUM+VAT,No,
SWIEZAG,SWIEZ0,DAT,No,
SWIIMPBVR,SWIIMP0,NUMIMP+LINE,No,
SWIIMPTMP,SWITMP0,NUMIMP+LINE,No,
SWIIMPTMP,SWITMP1,NUMIMP+CUR+NUMMICRO,Yes,
SWRKDLV,SWD0,PRONUM+SWDKEY+SOHNUM+SOPLIN+SOQSEQ,No,
SWRKDLV,SWD1,PRONUM+SOHNUM,Yes,
SWRKINV,SWI0,PRONUM+SWIKEY+SWIKEY1+NUM+LIN+SEQ,No,
SWRKINV,SWI1,PRONUM+NUM,Yes,
SYNCDATA,SYD0,SYDNUM,No,
SYNCDATA,SYD1,SYDUSR,Yes,
SYNCLINK,SYL0,SYLNUM,No,
SYNCPAR,SYP0,SYPUSR,No,
TAAAXXX,XXX0,XXXNUM,No,
TABACCINT,TCI0,CPYSRC+CPYTGR,No,
TABACCLIK,TCK0,COA+FCY1+FCY2,No,
TABALLRUL,TRU0,TRUCOD,No,
TABBOMALT,TBO0,BOMALTTYP+BOMALT,No,
TABBOMALT,TBO1,FCY+BOMALT+BOMALTTYP,No,
TABBOMALT,TBO2,BOMALT+BOMALTTYP,No,
TABBUDTYP,TBU0,BUDTYP+COLNUM,No,
TABBUDTYP,TBU1,BUDTYP+LINSELCRI,Yes,
TABCABCUT,CUT0,FCY,No,
TABCHANGE,TCH0,CHGTYP+CURDEN+CUR+CHGSTRDAT,No,
TABCHANGE,TCH1,CHGTYP+CURDEN+CHGSTRDAT+CUR,No,
TABCODEDT,TED0,CODEDT+LEG,No,
TABCOEFF,TCO0,UOM1+UOM2,No,
TABCONTAINER,TCTR0,TCTRNUM,No,
TABCOSTMET,TCM0,VLTCOD,No,
TABCOSTMVT,TVM0,VLTCOD+MVTTYP+TRSCOD,Yes,
TABCOSTMVT,TVM1,VLTCOD+NUM+MVTTYP+TRSCOD,No,
TABCOUAFF,TCA0,MODULE+LEG+CPY,No,
TABCOUNTRY,TCY0,CRY,No,
TABCTL,TCT0,TCT+TCTLIN,No,
TABCTL,TCT1,TCT+ALPCOD+NUMCOD,No,
TABCUR,TCU0,CUR,No,
TABDEPAGIO,TDA0,DEP+LEG,No,
TABDEPAGIO,TDA1,DEP,Yes,
TABEECNAT,TEC0,EECNAT+LEG,No,
TABEECSCH,TSC0,EECSCH+LEG,No,
TABEXPENS,TES0,CODEXP,No,
TABFILBAN,TFB0,COD+BAN+RECTYP+ORDNUM+LEG+NUM,No,
TABFILCASH,TFC1,MODULE+CODCAS+CODPAR,No,
TABFILCASH,TFC2,MODULE+CODCAS,Yes,
TABFILCASH,TFC3,MODULE+CODPAR+CODCAS,No,
TABFILTDS,TFT0,COD+RECTYP+NUM,No,
TABFOR,TFO0,FORTYP+FORCOD,No,
TABFORLEG,TFOLEG0,FORCOD+LEG,No,
TABGEOCOD,TGE0,GEOCOD,No,
TABLAN,TLA0,LAN,No,
TABLINCFG,TLP0,CFGLIN,No,
TABLOCTYP,TLO0,STOFCY+LOCTYP,No,
TABLOCTYP,TLO1,STOFCY+LOCCAT+LOCTYP,No,
TABMAT,TMA0,EMPNUM,No,
TABMAT,TMA1,USR,Yes,
TABMODELIV,TMD0,MDL,No,
TABMSG,TMS0,MSGNUM,No,
TABPACKAGE,TPA0,PCK,No,
TABPAM,TAM0,PAM+LEG,No,
TABPAYTERM,TPT0,PTE+LEG+PTELIN,No,
TABPAYTERM,TPT1,PTE+PTELIN,Yes,
TABPAYTERM,TPT2,PTE+LEG,Yes,
TABPAYTYP,TPY0,PAYTYP+LEG,No,
TABPIVTYP,TPV0,PIVTYP+LEG,No,
TABPLACE,TPC0,TPC,No,
TABPLACETIME,TPCT0,DPETPC+ARVTPC+TRNTPC+BPTNUM,No,
TABPNHTYP,TPN0,PNHTYP+LEG,No,
TABPNHTYP,TPN1,PNHTYP,Yes,
TABPRECOD,PRC0,STOFCY+NUMCRIT+PRECOD,No,
TABPRECOD,PRC1,STOFCY+PRECOD,Yes,
TABPRTMOD,TPM0,TPMCOD,No,
TABRATVAT,TRA0,VAT+LEG+CPY+STRDAT,No,
TABRATVAT,TRA1,VAT+CPY+STRDAT,Yes,
TABREOPOL,TRP0,REOPOL,No,
TABROUALT,TRO0,ROUALT,No,
TABROUALT,TRO1,FCY+ROUALT,No,
TABROUND,TRD0,RNDCOD,No,
TABSAFSTO,TSA0,SRVRAT,No,
TABSCA,TSR0,SCANUM,No,
TABSDHTYP,TSD0,SDHTYP+LEG,No,
TABSGHTYP,TSG0,SGHTYP+LEG,No,
TABSGHTYP,TSG1,SGHTYP,Yes,
TABSIVTYP,TSV0,SIVTYP+LEG,No,
TABSIVTYP,TSV1,SIVTYP,Yes,
TABSOHTYP,TSO0,SOHTYP+LEG,No,
TABSOHTYP,TSO1,SOHTYP,Yes,
TABSQHTYP,TSQ0,SQHTYP+LEG,No,
TABSQHTYP,TSQ1,SQHTYP,Yes,
TABSRHTYP,TRE0,SRHTYP+LEG,No,
TABSRHTYP,TRE1,SRHTYP,Yes,
TABSTASTO,TST0,STASTO,No,
TABSTORUL,SRU0,TCLCOD+STOFCY+TRSTYP+TRSCOD,No,
TABSUBDIV,ATU0,CRY+TYP+COD,No,
TABTNHTYP,TTN0,TNHTYP+LEG,No,
TABTNHTYP,TTN1,TNHTYP,Yes,
TABUNAVAIL,UVY0,UVYCOD,No,
TABUNIT,TUN0,UOM,No,
TABVAC,TVC0,COD+LEG,No,
TABVAC,TVC1,VACBPR+VACITM,Yes,
TABVAC,TVC2,VATTYP-ENAFLG-LEG-GRP-VACBPR-VACITM+COD,No,
TABVACBPR,TVB0,VACBPR+LEG,No,
TABVACITM,TVI0,VACITM+LEG,No,
TABVAT,TVT0,VAT+LEG,No,
TABVAT,TVT1,VAT,Yes,
TABVATEXE,TEX0,BPCNUM+NUMORD,No,
TABWEEDIA,TWD0,TWD,No,
TABWIPSTO,TWS0,STOCOU+STOSEQ,No,
TABWIPSTO,TWS1,STOFCY+ITMREF,Yes,
TABWIPSTO,TWS2,VCRTYP+VCRNUM+VCRLIN,Yes,
TABWRKCTR,TWC0,WCR,No,
TABWRKCTR,TWC1,WCRDES,Yes,
TACONTAINERC,TCTRC0,TCTRNUM,No,
TANKS,TKS0,TKS+FCY,No,
TANKSGATES,TGT0,TGTTKS+FCY+TGTLIN,No,
TANKSGATES,TGT1,TGTTKS+FCY+TGTGTS,No,
TASK,TSK0,TSKNUM,No,
TASK,TSK1,TSKDAT+TSKNUM,No,
TASK,TSK2,TSKCMP,Yes,
TASK,TSK3,TSKCCN,Yes,
TASK,TSK4,TSKREP+TSKDAT+TSKNUM,No,
TASK,TSK5,CREUSR,Yes,
TAUTILIS,TAU0,USR,No,
TAXLINK,DLK0,CLE,No,
TBASKET,TBA0,NUM,No,
TBASKET,TBA1,USR+SOHNUM+STAT,No,
TBASKETD,TBD0,NUM+BASKLIN,No,
TBASKETD,TBD1,NUM+ITMREF,No,
TCBLOB,TBB0,CODBLB+IDENT1+IDENT2+IDENT3,No,
TCCLOB,TBC0,CODCLB+IDENT1+IDENT2+IDENT3,No,
TDSPRV,TPR0,PRVNUM+CPY,No,
TDUPDCLC,TUC0,MFGNUM,No,
TEXCLOB,TXC0,CODE,No,
TEXCLOB,TXC1,IDENT1+IDENT2+IDENT3,Yes,
TEXCPT,TCC0,ABRFIC,No,
TGRLIS,TGL0,TGRTAB,No,
TGRLISFIE,TLF0,TGRTAB+TGRSSPNUM,Yes,
TGRLISFIE,TLF1,TGRTAB+TGRSSPNUM+TGRTABLNK+TGRFIE,No,
TGRLISLNK,TLL0,TGRTAB+TGRLNK,No,
TGRLISLNK,TLL1,TGRTAB+TGRLNK+TGRLNKIDX,No,
TGRSSP,TGP0,TGRSSPNUM,No,
TGRSSP,TGP1,TGR+TGRSSPNUM,Yes,
TITMLINK,TIK0,ITMREF+ITMLNK,No,
TITMMASTER,TIT0,ITMREF,No,
TMP2054,T540,EDTNUM+CPY+CLATXS+POSTXS,No,
TMP2055,T550,EDTNUM+CPY+CLATXS+POSTXS,No,
TMP2855,T550,EDTNUM+CPY+IMPSTRDAT+AASREF,No,
TMPARPT,TARPT0,NUMREQ+USR+RPTCOD+VCRNUM,No,
TMPBLA,ARM0,NUMREQ+USR+RPTCOD+NUMLIG,No,
TMPBLA,ARM1,USR+RPTCOD,Yes,
TMPCNSBAN,TCB0,TCBNUM,No,
TMPCNSBAN,TCB1,USRCRE+ADXNUM,Yes,
TMPCNSBAN,TCB2,ACCNUM,Yes,
TMPCNSBAN,TCB3,NUMPAY+USRCRE+ADXNUM,Yes,
TMPCNVECAR,TCE0,LEDTYP+SOC+SITE+NUM+DEV,No,
TMPCPTDTA,TCD0,TRTNUM+PCENUM+SEQNUM+DSP+CCE,No,
TMPCRPT,TCRPT0,NUMREQ+USR+RPTCOD+VCRNUM,No,
TMPCSRQ,TCR0,CREUSR+BPR+FCY+TYP+NUM+DUDDAT+DUDLIG,No,
TMPDERO,TDE0,EDTNUM+CPY+FCY+AASREF,No,
TMPDERO,TDE1,EDTNUM+AASREF,No,
TMPDFD,TDF0,EDTNUM+CPY+FCY+AASREF,No,
TMPDFD,TDF1,EDTNUM+AASREF,No,
TMPEXPENSE,EXT0,CPY+CUR+BPRGTETYP+FCY+SEP+DATEXS,Yes,
TMPEXPENSE,EXT1,ACCNUM,No,
TMPFAS1PAGE,T1P0,CPY+AASREF,Yes,
TMPFAS246G,T2460,CPY+AASREF+DPRPLN+POSTXS,Yes,
TMPFASLIST,TFL0,EDTNUM+AASREF,No,
TMPFASLIST,TFL1,EDTNUM+CPY+FCY+AASREF,No,
TMPFASPHY,TPH0,NUMLIG,No,
TMPFUP0,TFP0,QURNUM,No,
TMPFUP0,TFP1,CREDAT+QURNUM,No,
TMPFUP1,TFP1,NUMREQ+BPC+CPY+FCY,No,
TMPFUP1,TFP2,BPC,Yes,
TMPFUP1,TFP3,CPY,Yes,
TMPFUP2,TFP1,NUMREQ+NUMDUD,No,
TMPFUP2,TFP2,NUMDUD,Yes,
TMPFUP2,TFP3,BPC,Yes,
TMPFUP2,TFP4,BPC+FUPMOD,Yes,
TMPFUP2,TFP5,NUMREQ+FCY,Yes,
TMPFUP2,TFP6,NUMREQ+LEVFUP,Yes,
TMPFUPCMT,TCF0,NUMDUD,No,
TMPINVEXP,,,,
TMPINVEXPW,,,,
TMPIPTACPT,IPT0,TYP+NUM+LIN+LEDTYP,No,
TMPKRPT,TKRPT0,NUMREQ+USR+RPTCOD+VCRNUM,No,
TMPLEARNT,TDR0,EDTNUM+CPY,No,
TMPLISLOF,TLI0,EDTNUM+CODLOF+LINLOF,No,
TMPLISLOF,TLI1,EDTNUM+CPY+FCY+CODLOF+LINLOF,No,
TMPLOFGRP,TDE0,EDTNUM+CPY+FCY+AASREF+CODLOF+LINLOF,No,
TMPLOFGRP,TDE1,EDTNUM+CODLOF+LINLOF,No,
TMPLOFGRP,TDE2,EDTNUM+AASREF,Yes,
TMPMASFA2,MF10,TRTNUM+OBJREF,No,
TMPMASFA2,MF11,TRTNUM+CPY+OBJREF,No,
TMPMASFAS,MFS0,TRTNUM+OBJREF,No,
TMPMASFAS,MFS1,TRTNUM+CPY+OBJREF,No,
TMPMASLCK,TML0,TRTNUM+OBJREF,Yes,
TMPMASLCK,TML1,TRTNUM+OBJREF+OBJLIN,No,
TMPMASLEA,MFS0,TRTNUM+OBJREF,No,
TMPMASLEA,MFS1,TRTNUM+CPY+OBJREF,No,
TMPMASLOF,MFS0,TRTNUM+OBJREF,No,
TMPMASLOF,MFS1,TRTNUM+CPY+OBJREF,No,
TMPMASPHY,MFS0,TRTNUM+OBJREF,No,
TMPMASPHY,MFS1,TRTNUM+CPY+OBJREF,No,
TMPPAYDUD,TPD0,CPY+PAYTYP+GRPCRI+FLG,Yes,
TMPPAYDUD,TPD1,ACCNUM+DUDLIG,No,
TMPPAYDUD,TPD2,AMTLOC,Yes,
TMPPAYDUD,TPD3,DUDDAT,Yes,
TMPPAYDUD2,TP20,CPY+PAYTYP+GRPCRI+FLG+UIDUSR,No,
TMPPAYDUD2,TP21,AMTLOC,Yes,
TMPPAYTOT,PYT0,TRC+PAYTYP+FCY+CUR+BAN+DUDDAT+SNS,No,
TMPPLNFAS,TPF0,TRTNUM+OBJREF+DPRPLN,No,
TMPPRPT,TPRPT0,NUMREQ+USR+RPTCOD+VCRNUM,No,
TMPREEVAL,TRV0,EDTNUM+CPY+FCY+AASREF,No,
TMPREEVAL,TRV1,EDTNUM+AASREF,No,
TMPSIMDERO,TDS0,EDTNUM+CPY+FCY+AASREF+FIYENDDAT+PERENDDAT,No,
TMPSIMDERO,TDS1,EDTNUM+AASREF+FIYENDDAT+PERENDDAT,No,
TMPSITU,TDE0,EDTNUM+CPY+FCY+AASREF,No,
TMPSITU,TDE1,EDTNUM+AASREF,No,
TMPSITUCUR,,,,
TMPSRPT,TSRPT0,NUMREQ+USR+RPTCOD+VCRNUM,No,
TMPTCHANGE,TCG0,CHGTYP+CURDEN+CUR+CHGSTRDAT,No,
TRADESHOW,OMT0,OMTNUM,No,
TRADESHOW,OMT1,CMGNUM,Yes,
TRANNOTED,TND0,TNHNUM+TNDLIN,No,
TRANNOTEH,TNH0,TNHNUM,No,
TRANSPORT,TRNP0,TRNNUM,No,
TRANSPORT,TRNP1,ARVEXPDAT+TRNNUM,Yes,
TRCABX3,TAB0,NUMACT+CPY+TRITRC+SEQNUM+ERRCOD,No,
TRCABX3,TAB1,NUMACT+TRITRC+CPY+SEQNUM,No,
TRCVCRDOC,TVD0,TYPNUM+NUM+TYPVCR+NUMVCR,No,
TRCVCRDOC,TVD1,ACCNUM+TYPVCR+NUMVCR,No,
TRCVCRDOC,TVD2,TYPVCR+NUMVCR,No,
TXSA,TXS1,TXSNAM,No,
TXSA,TXS0,LSTGRP+TXSNAM,No,
TXSAC,TXA0,TXSNAM+NUMCOL,No,
TXSD,TXD0,TXSNAM+LIG+COL,No,
TXSD,TXD1,TXSNAM+COL+LIG,No,
TXSM,TXM0,TXSNAM+VERSION+LIG+COL+IND,No,
TXSP,TXP0,TXSNAM+VERSION+COL,No,
TXSV,TXX0,TXSNAM+VERSION+VARNAM,No,
TXSW,TXW0,LSTGRP+TXSNAM+VERSION,No,
TXSW,TXW1,TXSNAM+VERSION,No,
TYPACE,TPE0,ACETYP+LEG+CPY,No,
TYPACE,TPE1,LEG+CPY+DPRPLN+ACEGRP+ACETYP,Yes,
TYPACEINT,TPI0,ACETYP+LEG+CPY+TMPFLD+TMPIND,No,
TYPACELEG,TPL0,ACETYP+LEG+CPY+LEGLIN,No,
TYPCOMBEL,TYC0,COD+NUM,No,
UNFILWRK,UNF0,REQNUM+USER+RPTCOD+NUMLIG,No,
UNITOFTIME,UOT0,UOM,No,
UNPAID,UNP0,NUM+CUR,No,
UPORDER,POH0,POHNUM+REVNUM,No,
UPORDERC,POC0,POHNUM+LINREVNUM+POPLIN,No,
UPORDERP,POP0,POHNUM+LINREVNUM+POPLIN+POPSEQ,No,
UPORDERQ,POQ0,POHNUM+LINREVNUM+POPLIN+POQSEQ,No,
USERGUIDES,UGD0,UGD,No,
VATBOX,VTB0,VATFNC+LEG+LIN,No,
VATBOX,VTB1,VATFNC+LEG+VATBOX,No,
VATBOXD,VTD0,VATFNC+LEG+LIN+FLGVAT+VATIPT+VAT+VCRTYP+VLYSTR+VLYEND,Yes,
VATBOXD,VTD1,VATFNC+LEG+VCRTYP+FLGVAT+VATIPT+VAT+VLYSTR+VLYEND,Yes,
VATCLS,VCL0,CPY+VAT,No,
VATENTFRM,VEF0,VATFRM+VATFNC+LEG,No,
VATENTFRMD,VEFD0,VATFRM+VATFNC+LEG+LIN,No,
VATENTFRMD,VEFD1,VATFRM+VATFNC+LEG+VATBOX,No,
VATEXEREA,VER0,CODE,No,
VATFRMENT,VFE0,VATENTNUM,No,
VATFRMENT,VFE1,VATENTNUM+VATFNC+LEG+CODVATGRP,No,
VATFRMENT,VFE3,CODVATGRP+VATFNC-DCLSTRDAT,Yes,
VATFRMENTA,VFEA0,VATENTNUM+VFEACPY+VATBOX+LIG,No,
VATFRMENTC,VFEC0,VATENTNUM+LIG,No,
VATFRMENTC,VFEC1,VATENTNUM+CPY+VATBOX,No,
VATFRMENTD,VFED0,VATENTNUM+LIN,No,
VATFRMENTD,VFED1,VATENTNUM+VATBOX,No,
VATFRMENTN,VFEN0,VATENTNUM+SEQ,No,
VATFRMENTN,VFEN1,VATENTNUM+DCLVATTYP+NUMRPT,No,
VATGRP,VATGH0,CODVATGRP,No,
VATGRPD,VATGD0,CODVATGRP+LIN,No,
VATGRPD,VATGD1,CODVATGRP+CPY,No,
VATHIS,VAT0,AASREF+DPRPLN+DATVATREG+TIMSTP,No,
VATHIS,VAT1,AASREF+DPRPLN+VATREGTYP+DATVATREG+TIMSTP,No,
VATLINITMGER,VLI0,REFNO+IDUSER,Yes,
VDGERRSP,RSP0,LEG+VAT+TRNTYP,No,
VDGERRSP,RSP1,LEG+VAT-STRDAT,Yes,
VDGERRSP,RSP2,LEG+VAT,Yes,
VDGERTRP,TRPG0,LEG+VAT+LINENO,No,
VDGERTRP,TRPG1,VAT+FLGVAT+VATIPT,Yes,
VDGERTRP,TRPG2,VAT,Yes,
VDGERTRP,TRPG3,FLGVAT+VATIPT,Yes,
VDGERTRP,TRPG4,LEG+VAT,Yes,
VDGERTRP,TRPG5,LEG+VAT+REPLINE+FLGVAT+VATIPT+STRDAT+ENDDAT,No,
VDSWITRP,TRSP0,LEG+VAT+NUMLIG,No,
VDSWITRP,TRSP1,LEG+VAT+REPLIN,No,
VDSWITRP,TRSP2,LEG+VAT,Yes,
VSORDER,VOH0,SOHNUM+REVNUM,No,
VSORDERC,VOC0,SOHNUM+ITMREVNUM+SOPLIN,No,
VSORDERP,VOP0,SOHNUM+LINREVNUM+SOPLIN+SOPSEQ,No,
VSORDERQ,VOQ0,SOHNUM+LINREVNUM+SOPLIN+SOQSEQ,No,
WAREHOUSE,WRH0,WRH,No,
WAREHOUSE,WRH1,STOFCY+WRH,No,
WARFLYER,FLY0,NUM,No,
WARFLYER,FLY1,FLYORI+FLYORIVCR+FLYORIVCRL,Yes,
WARREQCPN,RCW0,RQWNUM+RQWNUMLIN,No,
WARREQUEST,RQW0,RQWNUM,No,
WCUNLISDET,WCU0,NUMREQ+USR+CUNSSSNUM+CUNLISNUM+ITMLISNUM,No,
WEIGHING,WGG0,MFGNUM+BOMOPE+ITMREF+MFGLIN+BOMSEQ+CBTDAT+MVTSEQ,No,
WEIGHPRT,WGP0,MFGNUM+BOMOPE+ITMREF+MFGLIN+BOMSEQ+CBTDAT+MVTSEQ+PRTSEQ,No,
WIPCOST,MWI0,VCRTYP+VCRNUM+TXNTYP+WIPSEQ,No,
WIPCOST,MWI1,MFGTRKNUM+MFGTRKLIN+VCRTYP+VCRNUM+WIPSEQ,No,
WIPCOST,MWI2,VCRTYP+VCRNUM+VCRLIN+STU+WIPSEQ,No,
WIPCOST,MWI3,VCRTYP+VCRNUM+OPENUM+OPESPLNUM+STU+WIPSEQ,No,
WIPCOST,MWI4,VCRTYP+VCRNUM+VCRLIN+BOMSEQ+ITMREF+STU+WIPSEQ,No,
WIPCOST,MWI5,VCRTYP+VCRNUM+WIPSEQ+TXNTYP,No,
WIPRESW,WRW0,UID+VCRTYP+VCRNUM+VCRLIN+TYPCST+OVETYPCST+BRDCOD,No,
WIPRESW,WRW1,UID+MFGFCY+TYPCST+OVETYPCST+BRDCOD+VCRTYP+VCRNUM+VCRLIN,No,
WIPSCPM,MSM0,MFGNUM+MFGLIN+BOMSEQ+ITMREF+TXNTYP+PRONUM,No,
WIPSCPO,MSO0,MFGNUM+OPENUM+OPESPLNUM+TXNTYP+PRONUM,No,
WIPTMP,MWT0,ENTCOD+CPY+KEY1+KEY2+KEY3+KEY4+KEY5+VCRTYP+VCRNUM+WIPSEQ,No,
WORKCOST,WCT0,VLTCCE+VLTFCY,No,
WORKCOST,WCT1,VLTFCY+VLTCCE,No,
WORKLOAD,WKL0,MFGFCY+WST+PEREND,No,
WORKLOAD,WKL1,MFGFCY+WCR+WST+PEREND,No,
WORKSTATIO,WST0,WST+WCRFCY,No,
WORKSTATIO,WST1,WCR+WSTTYP+WST,Yes,
WORKSTATIO,WST2,WSTDES,Yes,
WORKSTATIO,WST3,WCR+WST,Yes,
WORKSTATIO,WST4,WCRFCY+WCR+WST,No,
WORKSTATIO,WST5,WCRFCY+WST,No,
WRKPURFCS,WPF0,NUMREQ+USR+NUMLIG,No,
WRKSTOCNS,WCN0,NUMREQ+USR+NUMLIG,No,
WRKSTOPER,WSP0,STOFCY+ITMREF+IPTDAT,No,
WSTANL,WSA0,WCRFCY+WST+PEREND,No,
WSTOALL,WSTA0,NUMREQ+USR+STOFCY+ITMREF+STOCOU+SEQ,No,
WSTOLOTFCY,WSL0,NUMREQ+USR+ITMREF+LOT+SLO+STOFCY,No,
WSTOQLYD,WQL0,NUMREQ+USR+VCRTYP+VCRNUM+ITMREF+LOT,No,
WSTOREO,WREO0,NUMREQ+USR+ORIREO+STOFCY+LOC+ITMREF+SEQ,No,
